,fluxes
DM_4CRSOL,0.0001868713757829326
DM_5DRIB,0.0001935752816406163
DM_AACALD,0.0
DM_AMOB,1.67597646442092e-06
DM_MTHTHF,0.0011229042311620167
DM_OXAM,0.0
Ec_biomass_iJO1366_WT_53p95M,0.83798823221046
Ec_biomass_iJO1366_core_53p95M,0.0
DM_12ppd-R_e,0.0
DM_12ppd-S_e,0.0
DM_14glucan_e,0.0
DM_15dap_e,0.0
DM_23camp_e,0.0
DM_23ccmp_e,0.0
DM_23cgmp_e,0.0
DM_23cump_e,0.0
DM_23dappa_e,0.0
DM_26dap-M_e,0.0
DM_2ddglcn_e,0.0
DM_34dhpac_e,0.0
DM_3amp_e,0.0
DM_3cmp_e,0.0
DM_3gmp_e,0.0
DM_3hcinnm_e,-0.0
DM_3hpp_e,0.0
DM_3hpppn_e,-0.0
DM_3ump_e,0.0
DM_4abut_e,0.0
DM_4hoxpacd_e,0.0
DM_5dglcn_e,0.0
DM_5mtr_e,0.005651392638027343
DM_LalaDglu_e,-0.0
DM_LalaDgluMdap_e,0.0
DM_LalaDgluMdapDala_e,0.0
DM_LalaLglu_e,0.0
DM_ac_e,0.0
DM_acac_e,-0.0
DM_acald_e,0.0
DM_acgal_e,-0.0
DM_acgal1p_e,0.0
DM_acgam_e,0.0
DM_acgam1p_e,0.0
DM_acmana_e,0.0
DM_acmum_e,0.0
DM_acnam_e,0.0
DM_acolipa_e,0.0
DM_acser_e,0.0
DM_ade_e,0.0
DM_adn_e,0.0
DM_adocbl_e,0.0
DM_ag_e,-0.0
DM_agm_e,0.0
DM_akg_e,0.0
DM_ala-B_e,0.0
DM_ala-D_e,0.0
DM_ala-L_e,0.0
DM_alaala_e,0.0
DM_all-D_e,0.0
DM_alltn_e,0.0
DM_amp_e,0.0
DM_anhgm_e,0.0
DM_arab-L_e,-0.0
DM_arbt_e,0.0
DM_arbtn_e,0.0
DM_arbtn-fe3_e,0.0
DM_arg-L_e,0.0
DM_ascb-L_e,0.0
DM_asn-L_e,0.0
DM_aso3_e,-0.0
DM_asp-L_e,0.0
DM_btn_e,0.0
DM_but_e,0.0
DM_butso3_e,0.0
DM_ca2_e,-0.004149717725908886
DM_cbi_e,0.0
DM_cbl1_e,-0.0001868713757829326
DM_cd2_e,-0.0
DM_cgly_e,0.0
DM_chol_e,0.0
DM_chtbs_e,0.0
DM_cit_e,0.0
DM_cl_e,-0.004149717725906198
DM_cm_e,0.0
DM_cmp_e,0.0
DM_co2_e,14.690890237869594
DM_cobalt2_e,-2.0111717573051042e-05
DM_colipa_e,0.0
DM_colipap_e,0.0
DM_cpgn_e,0.0
DM_cpgn-un_e,0.0
DM_crn_e,0.0
DM_crn-D_e,-0.0
DM_csn_e,0.0
DM_cu_e,0.0
DM_cu2_e,-0.00056480406850985
DM_cyan_e,0.0
DM_cynt_e,0.0
DM_cys-D_e,0.0
DM_cys-L_e,0.0
DM_cytd_e,0.0
DM_dad-2_e,0.0
DM_damp_e,0.0
DM_dca_e,0.0
DM_dcmp_e,0.0
DM_dcyt_e,0.0
DM_ddca_e,0.0
DM_dgmp_e,0.0
DM_dgsn_e,0.0
DM_dha_e,0.0
DM_dimp_e,0.0
DM_din_e,0.0
DM_dms_e,0.0
DM_dmso_e,0.0
DM_dopa_e,0.0
DM_doxrbcn_e,0.0
DM_dtmp_e,0.0
DM_dump_e,0.0
DM_duri_e,0.0
DM_eca4colipa_e,0.0
DM_enlipa_e,0.0
DM_enter_e,0.0
DM_etha_e,0.0
DM_ethso3_e,0.0
DM_etoh_e,0.0
DM_f6p_e,0.0
DM_fald_e,0.0
DM_fe2_e,-0.013011443281531813
DM_fe3_e,0.0
DM_fe3dcit_e,0.0
DM_fe3dhbzs_e,0.0
DM_fe3hox_e,0.0
DM_fe3hox-un_e,0.0
DM_fecrm_e,0.0
DM_fecrm-un_e,0.0
DM_feenter_e,0.0
DM_feoxam_e,0.0
DM_feoxam-un_e,0.0
DM_for_e,0.0
DM_fru_e,0.0
DM_frulys_e,0.0
DM_fruur_e,-0.0
DM_fuc-L_e,-0.0
DM_fum_e,0.0
DM_fusa_e,0.0
DM_g1p_e,0.0
DM_g3pc_e,0.0
DM_g3pe_e,-0.0
DM_g3pg_e,-0.0
DM_g3pi_e,0.0
DM_g3ps_e,0.0
DM_g6p_e,0.0
DM_gal_e,0.0
DM_gal-bD_e,0.0
DM_gal1p_e,0.0
DM_galct-D_e,-0.0
DM_galctn-D_e,0.0
DM_galctn-L_e,0.0
DM_galt_e,0.0
DM_galur_e,-0.0
DM_gam_e,0.0
DM_gam6p_e,0.0
DM_gbbtn_e,-0.0
DM_gdp_e,0.0
DM_glc_e,-8.16
DM_glcn_e,0.0
DM_glcr_e,-0.0
DM_glcur_e,0.0
DM_glcur1p_e,0.0
DM_gln-L_e,0.0
DM_glu-L_e,0.0
DM_gly_e,0.0
DM_glyald_e,0.0
DM_glyb_e,0.0
DM_glyc_e,0.0
DM_glyc-R_e,0.0
DM_glycogenn1_c,-0.1292068915598342
DM_bglycogenn1_c,0.0
DM_glyc2p_e,0.0
DM_glyc3p_e,-0.0
DM_glyclt_e,0.0
DM_gmp_e,0.0
DM_gsn_e,0.0
DM_gthox_e,-0.0
DM_gthrd_e,0.0
DM_gtp_e,0.0
DM_gua_e,0.0
DM_h_e,7.627934531636265
DM_h2_e,-0.0
DM_h2o_e,36.30041959729114
DM_h2o2_e,0.0
DM_h2s_e,0.0
DM_hacolipa_e,-0.0
DM_halipa_e,-0.0
DM_hdca_e,0.0
DM_hdcea_e,0.0
DM_hg2_e,-0.0
DM_his-L_e,0.0
DM_hom-L_e,0.0
DM_hxa_e,0.0
DM_hxan_e,0.0
DM_idon-L_e,0.0
DM_ile-L_e,0.0
DM_imp_e,0.0
DM_indole_e,0.0
DM_inost_e,0.0
DM_ins_e,0.0
DM_isetac_e,0.0
DM_k_e,-0.15560603483916033
DM_kdo2lipid4_e,0.0
DM_lac-D_e,0.0
DM_lac-L_e,0.0
DM_lcts_e,0.0
DM_leu-L_e,0.0
DM_lipa_e,0.0
DM_lipa_cold_e,0.0
DM_lipoate_e,0.0
DM_lys-L_e,0.0
DM_lyx-L_e,0.0
DM_mal-D_e,0.0
DM_mal-L_e,0.0
DM_malt_e,0.0
DM_malthx_e,0.0
DM_maltpt_e,0.0
DM_malttr_e,0.0
DM_maltttr_e,0.0
DM_man_e,0.0
DM_man6p_e,0.0
DM_manglyc_e,0.0
DM_melib_e,-0.0
DM_meoh_e,1.67597646442092e-06
DM_met-D_e,-0.0
DM_met-L_e,0.0
DM_metsox-R-L_e,0.0
DM_metsox-S-L_e,0.0
DM_mg2_e,-0.0069159168804329265
DM_mincyc_e,0.0
DM_minohp_e,0.0
DM_mmet_e,0.0
DM_mn2_e,-0.0005513962567944827
DM_mnl_e,0.0
DM_mobd_e,-0.00011480438781283304
DM_mso3_e,0.0
DM_n2o_e,0.0
DM_na1_e,0.0
DM_nac_e,0.0
DM_nh4_e,-8.804138166319829
DM_ni2_e,-0.0002572623872886112
DM_nmn_e,0.0
DM_no_e,0.0
DM_no2_e,0.0
DM_no3_e,0.0
DM_novbcn_e,0.0
DM_o16a4colipa_e,0.0
DM_o2_e,-12.985863235402606
DM_o2s_e,-0.0
DM_ocdca_e,0.0
DM_ocdcea_e,0.0
DM_octa_e,0.0
DM_orn_e,0.0
DM_orot_e,0.0
DM_pacald_e,0.0
DM_peamn_e,0.0
DM_phe-L_e,0.0
DM_pheme_e,0.0
DM_pi_e,-0.776937437540969
DM_pnto-R_e,0.0
DM_ppa_e,0.0
DM_ppal_e,0.0
DM_pppn_e,-0.0
DM_ppt_e,0.0
DM_pro-L_e,0.0
DM_progly_e,0.0
DM_psclys_e,0.0
DM_pser-L_e,0.0
DM_ptrc_e,0.0
DM_pydam_e,0.0
DM_pydx_e,0.0
DM_pydxn_e,0.0
DM_pyr_e,0.0
DM_quin_e,0.0
DM_r5p_e,0.0
DM_rfamp_e,0.0
DM_rib-D_e,0.0
DM_rmn_e,0.0
DM_sbt-D_e,0.0
DM_sel_e,0.0
DM_ser-D_e,0.0
DM_ser-L_e,0.0
DM_skm_e,0.0
DM_slnt_e,0.0
DM_so2_e,-0.0
DM_so3_e,0.0
DM_so4_e,-0.21115878871708882
DM_spmd_e,0.0
DM_succ_e,0.0
DM_sucr_e,0.0
DM_sulfac_e,0.0
DM_tartr-D_e,0.0
DM_tartr-L_e,-0.0
DM_taur_e,0.0
DM_tcynt_e,0.0
DM_thm_e,0.0
DM_thr-L_e,0.0
DM_thrp_e,0.0
DM_thym_e,0.0
DM_thymd_e,0.0
DM_tma_e,0.0
DM_tmao_e,0.0
DM_tre_e,0.0
DM_trp-L_e,0.0
DM_tsul_e,0.0
DM_ttdca_e,0.0
DM_ttdcea_e,0.0
DM_ttrcyc_e,0.0
DM_tungs_e,0.0
DM_tym_e,0.0
DM_tyr-L_e,0.0
DM_tyrp_e,0.0
DM_uacgam_e,0.0
DM_udpacgal_e,0.0
DM_udpg_e,0.0
DM_udpgal_e,0.0
DM_udpglcur_e,0.0
DM_ump_e,0.0
DM_ura_e,0.0
DM_urea_e,0.0
DM_uri_e,0.0
DM_val-L_e,0.0
DM_xan_e,0.0
DM_xmp_e,0.0
DM_xtsn_e,0.0
DM_xyl-D_e,0.0
DM_xylu-L_e,0.0
DM_zn2_e,-0.00027150818723618907
12DGR120tipp,0.0
12DGR140tipp,0.0
12DGR141tipp,0.0
12DGR160tipp,0.0
12DGR161tipp,0.0
12DGR180tipp,0.0
12DGR181tipp,0.0
12PPDRtex,0.0
12PPDRtpp,0.0
12PPDStex,0.0
12PPDStpp,0.0
14GLUCANabcpp,0.0
14GLUCANtexi,0.0
23CAMPtex,0.0
23CCMPtex,0.0
23CGMPtex,0.0
23CUMPtex,0.0
23DAPPAt2pp,0.0
23DAPPAtex,0.0
23PDE2pp,0.0
23PDE4pp,0.0
23PDE7pp,0.0
23PDE9pp,0.0
26DAHtex,0.0
2AGPA120tipp,0.0
2AGPA140tipp,0.0
2AGPA141tipp,0.0
2AGPA160tipp,0.0
2AGPA161tipp,0.0
2AGPA180tipp,0.0
2AGPA181tipp,0.0
2AGPE120tipp,0.0
2AGPE140tipp,0.0
2AGPE141tipp,0.0
2AGPE160tipp,0.0
2AGPE161tipp,0.0
2AGPE180tipp,0.0
2AGPE181tipp,0.0
2AGPEAT120,0.0
2AGPEAT140,0.0
2AGPEAT141,0.0
2AGPEAT160,0.0
2AGPEAT161,0.0
2AGPEAT180,0.0
2AGPEAT181,0.0
2AGPG120tipp,0.0
2AGPG140tipp,0.0
2AGPG141tipp,0.0
2AGPG160tipp,0.0
2AGPG161tipp,0.0
2AGPG180tipp,0.0
2AGPG181tipp,0.0
2AGPGAT120,0.0
2AGPGAT140,0.0
2AGPGAT141,0.0
2AGPGAT160,0.0
2AGPGAT161,0.0
2AGPGAT180,0.0
2AGPGAT181,0.0
2DGULRGx,0.0
2DGULRGy,0.0
2DGULRx,-0.000886499676988963
2DGULRy,0.0
2MAHMP,0.0
34dhpactex,0.0
3AMACHYD,0.0
3AMPtex,0.0
3CMPtex,0.0
3GMPtex,0.0
3HAD100,0.0
3HAD120,0.0
3HAD121,0.0
3HAD140,0.0
3HAD141,0.0
3HAD160,0.0
3HAD161,0.07906251373259249
3HAD180,0.0
3HAD181,0.0
3HAD40,0.0
3HAD60,0.0
3HAD80,0.0
3HCINNMH,0.0
3HPPPNH,0.0
3HPPtex,0.0
3HPPtpp,0.0
3KGK,-0.0
3NTD2pp,0.0
3NTD4pp,0.0
3NTD7pp,0.0
3NTD9pp,0.0
3OAR100,0.0
3OAR120,0.0
3OAR121,0.0
3OAR140,0.02732176832298984
3OAR141,0.0
3OAR160,0.0
3OAR161,0.07906251373259249
3OAR180,0.0
3OAR181,0.0
3OAR40,0.0
3OAR60,0.0
3OAR80,0.0
3OAS100,0.0
3OAS120,0.0
3OAS121,0.0
3OAS140,0.02732176832298984
3OAS141,0.0
3OAS160,0.0
3OAS161,0.07906251373259249
3OAS180,0.0
3OAS181,0.0
3OAS60,0.0
3OAS80,0.0
3OXCOAT,-0.0
3PEPTabcpp,0.0
3PEPTtex,0.0
3UMPtex,0.0
42A12BOOXpp,0.0
4HOXPACDtex,0.0
4HTHRS,0.0
4PCP,0.0
4PCPpp,0.0
4PEPTabcpp,0.0
4PEPTtex,0.0
5DGLCNR,0.0
5DGLCNt2rpp,0.0
5DGLCNtex,0.0
5DOAN,0.0001935752816406163
5MTRtex,-0.005651392638027343
5MTRtpp,0.005651392638027343
A5PISO,0.02049132624224238
AACPS1,0.006830442080747456
AACPS2,0.07906251373259249
AACPS3,0.10164964854359324
AACPS4,0.0
AACPS5,0.040748015779465824
AACPS6,0.0
AACPS7,0.034152210403737296
AACPS8,0.0
AACPS9,2.5139646966313803e-06
AACTOOR,0.0
AADDGT,0.0
AAMYL,-0.0
AAMYLpp,0.0
AB6PGH,0.0
ABTA,0.0
ABUTD,0.0
ABUTt2pp,0.0
ABUTtex,0.0
ACACCT,0.0
ACACT1r,0.2624453445048329
ACACT2r,0.2624453445048329
ACACT3r,0.2624453445048329
ACACT4r,0.2624428305401363
ACACT5r,0.2624428305401363
ACACT6r,0.228290620136399
ACACT7r,0.14239766432305906
ACACT8r,-0.04074801577946583
ACACt2pp,0.0
ACACtex,0.0
ACALD,0.0
ACALDtex,0.0
ACALDtpp,0.0
ACANTHAT,0.0
ACBIPGT,0.0
ACCOAC,0.1064152876201741
ACCOAL,0.4335985750161939
ACGAL1PPpp,0.0
ACGAL1Ptex,0.0
ACGALtex,0.0
ACGAM1PPpp,0.0
ACGAM1Ptex,0.0
ACGAMK,0.0
ACGAMT,0.0
ACGAptspp,0.0
ACGAtex,0.0
ACGK,0.27438583882559975
ACGS,0.27438583882559975
ACHBS,0.23656910588240612
ACKr,0.4957479722580831
ACLS,0.7119028468156102
ACM6PH,0.0
ACMAMUT,0.0
ACMANAptspp,0.0
ACMANAtex,0.0
ACMUMptspp,0.0
ACMUMtex,0.0
ACNAMt2pp,0.0
ACNAMtex,0.0
ACNML,0.0
ACOAD1f,-0.2624453445048329
ACOAD2f,-0.2624453445048329
ACOAD3f,-0.2624453445048329
ACOAD4f,-0.2624428305401363
ACOAD5f,-0.2624428305401363
ACOAD6f,-0.14922810640380652
ACOAD7f,-0.14239766432305906
ACOAD8f,0.0
ACOATA,0.0
ACODA,0.27438583882559975
ACOLIPAabctex,-0.0
ACONIs,0.0
ACONMT,0.0
ACONTa,0.9118535429268834
ACONTb,0.9118535429268834
ACOTA,-0.27438583882559975
ACPPAT120,0.0
ACPPAT140,0.0
ACPPAT141,0.0
ACPPAT160,0.0
ACPPAT161,0.0
ACPPAT180,0.0
ACPPAT181,0.0
ACPS1,-0.0
ACS,0.0
ACSERtex,0.0
ACSERtpp,0.0
ACt2rpp,0.0
ACt4pp,0.0
ACtex,0.0
ADA,0.0
ADCL,0.0007474855031317336
ADCS,0.0007474855031317336
ADD,0.0
ADEt2rpp,0.0
ADEtex,0.0
ADK1,2.12408983360721
ADK3,0.0
ADK4,0.0
ADMDC,0.005651392638027343
ADNCYC,0.0
ADNK1,0.006967872150829975
ADNUC,0.0
ADNt2pp,0.0
ADNt2rpp,0.0
ADNtex,0.0
ADOCBIK,0.0
ADOCBLS,0.0
ADOCBLabcpp,0.0
ADOCBLtonex,0.0
ADPRDP,0.0
ADPT,0.0
ADSK,0.20770124927098846
ADSL1r,0.2433199390810825
ADSL2r,0.3644092386354939
ADSS,0.2433199390810825
AGDC,0.0
AGM3PA,0.0
AGM3PApp,0.0
AGM3PH,0.0
AGM3Pt2pp,0.0
AGM4PA,0.0
AGM4PApp,0.0
AGM4PCP,0.0
AGM4PCPpp,0.0
AGM4PH,0.0
AGM4Pt2pp,0.0
AGMH,0.0
AGMHE,0.02732176832298984
AGMT,0.0
AGMt2pp,0.0
AGMtex,0.0
AGPAT120,0.0
AGPAT140,0.0
AGPAT141,0.0
AGPAT160,0.05082482427179662
AGPAT161,0.039531256866296244
AGPAT180,0.0
AGPAT181,0.020374007889732912
AGPR,-0.27438583882559975
AGt3,-0.0
AHCYSNS,0.0011229042311620167
AICART,0.44155108333986004
AIRC2,0.3644092386354939
AIRC3,-0.3644092386354939
AKGDH,0.0
AKGt2rpp,0.0
AKGtex,0.0
ALAALAD,0.0
ALAALAabcpp,0.002761171225133466
ALAALAr,0.020348030254534393
ALAALAtex,0.0
ALAGLUE,0.0
ALAR,0.020348030254534397
ALATA_D2,0.0
ALATA_L,-0.8048281998736599
ALATA_L2,0.0
ALATRS,0.0
ALAabcpp,0.0
ALAt2pp,0.0
ALAt2rpp,0.0
ALAt4pp,0.0
ALAtex,0.0
ALCD19,0.0
ALCD2x,0.0
ALDD19xr,0.0
ALDD2x,0.0
ALDD2y,0.0
ALDD3y,0.0
ALDD4,0.0
ALLK,0.0
ALLPI,0.0
ALLTAMH,0.0
ALLTN,0.0
ALLTNt2rpp,0.0
ALLTNtex,0.0
ALLULPE,0.0
ALLabcpp,0.0
ALLtex,0.0
ALPATE160pp,0.0
ALPATG160pp,0.0
ALR2,0.0
ALR4x,0.0
ALTRH,0.0
AM3PA,0.0
AM4PA,0.0
AM4PCP,0.0
AMALT1,0.0
AMALT2,0.0
AMALT3,0.0
AMALT4,0.0
AMANAPEr,0.0
AMANK,0.0
AMAOTr,1.67597646442092e-06
AMMQLT8,0.0001868713757829326
AMPMS2,0.0001868713757829326
AMPN,0.0
AMPTASECG,0.0
AMPTASEPG,0.0
AMPtex,0.0
ANHGMtex,0.0
ANHMK,0.0
ANPRT,0.04628544201791255
ANS,0.04628544201791255
AOBUTDs,0.0
AOXSr2,1.67597646442092e-06
AP4AH,0.0
AP4AS,0.0
AP5AH,-0.0
APCS,0.0
APG3PAT120,0.0
APG3PAT140,0.0
APG3PAT141,0.0
APG3PAT160,0.0
APG3PAT161,0.0
APG3PAT180,0.0
APG3PAT181,0.0
APH120,0.0
APH140,0.0
APH141,0.0
APH160,0.0
APH161,0.0
APH180,0.0
APH181,0.0
APPLDHr,0.0
APRAUR,0.0003737427515658652
ARAI,0.0
ARBTNR1,0.0
ARBTNR2,0.0
ARBTNR3,0.0
ARBTNabcpp,0.0
ARBTNexs,0.0
ARBTNtex,0.0
ARBTNtonex,0.0
ARBTNtpp,0.0
ARBTptspp,0.0
ARBTtex,0.0
ARBabcpp,0.0
ARBt2rpp,0.0
ARBt3ipp,0.0
ARBtex,0.0
ARGAGMt7pp,0.0
ARGDC,0.0
ARGDCpp,0.0
ARGORNt7pp,0.0
ARGSL,0.24085457770193044
ARGSS,0.24085457770193044
ARGTRS,0.0
ARGabcpp,0.0
ARGt3pp,0.0
ARGtex,0.0
ASAD,-0.43351645216943735
ASCBPL,0.0
ASCBptspp,0.0
ASCBtex,0.0
ASNN,0.0
ASNNpp,0.0
ASNS1,0.0
ASNS2,0.19628365960712046
ASNTRS,0.0
ASNabcpp,0.0
ASNt2rpp,0.0
ASNtex,0.0
ASO3t8pp,-0.0
ASO3tex,0.0
ASP1DC,0.00048268122175370773
ASPCT,0.2684277424945835
ASPK,0.43351645216943735
ASPO3,0.0
ASPO4,0.0
ASPO5,0.0
ASPO6,0.0019097751812076386
ASPT,0.0
ASPTA,-1.94548772569973
ASPTRS,0.0
ASPabcpp,0.0
ASPt2_2pp,0.0
ASPt2_3pp,0.0
ASPt2pp,100.0
ASPt2rpp,-100.0
ASPtex,0.0
ASR,-0.0
AST,0.0
ATHRDHr,0.0
ATPHs,0.0
ATPM,0.0
ATPPRT,0.07714184470436611
ATPS4rpp,51.17822150707249
BALAt2pp,0.0
BALAtex,0.0
BETALDHx,0.0
BETALDHy,0.0
BMOCOS,9.720663493641336e-05
BMOGDS1,9.720663493641336e-05
BMOGDS2,9.720663493641336e-05
BPNT,0.20770124927098846
BSORx,0.0
BSORy,0.0
BTNt2ipp,0.0
BTNtex,0.0
BTS5,1.67597646442092e-06
BUTCT,0.0
BUTSO3abcpp,0.0
BUTSO3tex,0.0
BUTt2rpp,0.0
BUTtex,0.0
BWCOGDS1,0.0
BWCOGDS2,0.0
BWCOS,0.0
CA2t3pp,99.99585028227409
CA2tex,0.004149717725908886
CADVtpp,0.0
CAT,0.0
CAt6pp,-100.0
CBIAT,0.0
CBItonex,0.0
CBIuabcpp,0.0
CBL1abcpp,0.0001868713757829326
CBL1tonex,0.0001868713757829326
CBLAT,0.0001868713757829326
CBMD,0.0
CBMKr,0.509282320196514
CBPS,0.0
CCGS,0.0
CD2abcpp,0.0
CD2t3pp,0.0
CD2tex,0.0
CD2tpp,0.0
CDAPPA120,0.0
CDAPPA140,0.0
CDAPPA141,0.0
CDAPPA160,0.0
CDAPPA161,0.0
CDAPPA180,0.0
CDAPPA181,0.0
CDGR,0.0
CDGS,0.0
CDPMEK,0.005552510026626508
CFAS160E,0.0
CFAS160G,0.0
CFAS180E,0.0
CFAS180G,0.0
CGLYabcpp,0.0
CGLYtex,0.0
CHLabcpp,0.0
CHLt2pp,0.0
CHLtex,0.0
CHOLD,0.0
CHORM,0.2633269081251183
CHORS,0.31166793527664316
CHRPL,0.0001868713757829326
CHTBSptspp,0.0
CHTBStex,0.0
CINNDO,0.0
CITL,0.0
CITt3pp,0.0
CITt7pp,0.0
CITtex,0.0
CLIPAabctex,0.0
CLPNH120pp,0.0
CLPNH140pp,0.0
CLPNH141pp,0.0
CLPNH160pp,0.0
CLPNH161pp,0.0
CLPNH180pp,0.0
CLPNH181pp,0.0
CLPNS120pp,0.0
CLPNS140pp,0.0
CLPNS141pp,0.0
CLPNS160pp,0.0024670373556275943
CLPNS161pp,0.0019189930517619534
CLPNS180pp,0.0
CLPNS181pp,0.0009888261140083429
CLt3_2pp,0.002074858862953099
CLtex,0.004149717725906198
CMPN,0.0
CMPtex,0.0
CMtex,0.0
CMtpp,0.0
CO2tex,-14.690890237869594
CO2tpp,-14.690890237869594
COBALT2abcpp,0.0
COBALT2t3pp,0.0
COBALT2tex,2.0111717573051042e-05
COBALT2tpp,2.0111717573051042e-05
COLIPAKpp,0.0
COLIPAPabctex,0.0
COLIPAabcpp,0.00683044208074746
COLIPAabctex,0.00683044208074746
CPGNR1,0.0
CPGNR2,0.0
CPGNR3,0.0
CPGNUtex,0.0
CPGNUtpp,0.0
CPGNabcpp,0.0
CPGNexs,0.0
CPGNtonex,0.0
CPH4S,0.0
CPMPS,0.00020614510512377318
CPPPGO,0.0003737427515658652
CPPPGO2,0.0
CRNBTCT,0.0
CRNCAL2,0.0
CRNCAR,0.0
CRNCBCT,0.0
CRNCDH,0.0
CRNDCAL2,0.0
CRNDabcpp,0.0
CRNDt2rpp,0.0
CRNDtex,0.0
CRNabcpp,0.0
CRNt2rpp,0.0
CRNt7pp,0.0
CRNt8pp,0.0
CRNtex,0.0
CS,0.9118535429268834
CSND,0.0
CSNt2pp,0.0
CSNtex,0.0
CTBTCAL2,0.0
CTBTabcpp,0.0
CTBTt2rpp,0.0
CTECOAI6,-0.07906251373259249
CTECOAI7,0.0
CTECOAI8,-0.04074801577946583
CTPS2,0.13023845507368534
CU1Opp,0.0
CU1abcpp,0.0
CU2abcpp,0.0
CU2tex,0.00056480406850985
CU2tpp,0.00056480406850985
CUt3,0.0
CUtex,0.0
CYANST,0.0
CYANSTpp,0.0
CYANtex,0.0
CYNTAH,0.0
CYNTt2pp,0.0
CYNTtex,0.0
CYSDDS,0.0
CYSDS,0.0
CYSDabcpp,0.0
CYSDtex,0.0
CYSS,0.20770124927098846
CYSSADS,-0.0
CYSTL,0.13098175063565592
CYSTRS,0.0
CYSabc2pp,0.0
CYSabcpp,0.0
CYStex,0.0
CYStpp,0.0
CYTBD2pp,0.0
CYTBDpp,0.0
CYTBO3_4pp,25.96419379458587
CYTD,0.0
CYTDH,0.0
CYTDK2,0.0
CYTDt2pp,0.0
CYTDt2rpp,0.0
CYTDtex,0.0
CYTK1,0.13725660651844837
CYTK2,0.0
D-LACt2pp,0.0
D-LACtex,0.0
DAAD,0.0
DADA,0.0
DADK,0.0
DADNt2pp,0.0
DADNtex,0.0
DAGK120,0.0
DAGK140,0.0
DAGK141,0.0
DAGK160,0.0
DAGK161,0.0
DAGK180,0.0
DAGK181,0.0
DALAt2pp,0.02034803025453439
DALAtex,0.0
DAMPtex,0.0
DAPAL,0.0
DAPDC,0.2794255000541135
DAPE,0.30253470153378137
DAPabcpp,0.0
DAPtex,0.0
DASYN120,0.0
DASYN140,0.0
DASYN141,0.0
DASYN160,0.05082482427179662
DASYN161,0.039531256866296244
DASYN180,0.0
DASYN181,0.020374007889732912
DATPHs,0.0
DB4PS,0.0007474855031317304
DBTS,1.67597646442092e-06
DC6PH,0.0
DCAtex,0.0
DCMPtex,0.0
DCTPD,0.0
DCYTD,0.0
DCYTt2pp,0.0
DCYTtex,0.0
DDCAtexi,0.0
DDGALK,0.0
DDGLCNt2rpp,0.0
DDGLCNtex,0.0
DDGLK,0.0
DDPA,0.31166793527664316
DDPGALA,0.0
DGK1,0.0
DGMPtex,0.0
DGSNt2pp,0.0
DGSNtex,0.0
DHACOAH,0.0
DHAD1,0.7119028468156102
DHAD2,0.23656910588240612
DHAPT,0.005901189021404463
DHAtex,0.0
DHAtpp,0.0
DHBD,0.0005606141273487978
DHBS,0.0005606141273487978
DHBSH,0.0
DHCIND,0.0
DHCINDO,0.0
DHDPRy,0.30253470153378137
DHDPS,0.30253470153378137
DHFR,0.021533783603112196
DHFS,0.0007474855031317336
DHMPTR,0.0
DHNAOT4,0.0003737427515658652
DHNCOAS,0.0003737427515658652
DHNCOAT,0.0003737427515658652
DHNPA2r,0.0007474855031317336
DHNPTE,0.0
DHORD2,0.2684277424945835
DHORD5,0.0
DHORDfum,0.0
DHORTS,-0.2684277424945835
DHPPD,0.0
DHPPDA2,0.0003737427515658652
DHPS2,0.0007474855031317336
DHPTDCs2,0.0011229042311620167
DHPTDNR,0.0
DHPTDNRN,0.0
DHPTPE,0.0
DHQS,0.31166793527664316
DHQTi,0.31166793527664316
DIMPtex,0.0
DINSt2pp,0.0
DINStex,0.0
DKGLCNR1,-0.000886499676988963
DKGLCNR2x,0.000886499676988963
DKGLCNR2y,0.0
DMATT,0.0007935748559033057
DMPPS,0.0
DMQMT,0.0001868713757829326
DMSOR1,0.0
DMSOR1pp,0.0
DMSOR2,0.0
DMSOR2pp,0.0
DMSOtex,0.0
DMSOtpp,0.0
DMStex,0.0
DNMPPA,0.0007474855031317336
DNTPPA,0.0007474855031317336
DOGULNR,0.0
DOPAtex,0.0
DOXRBCNtex,0.0
DOXRBCNtpp,0.0
DPCOAK,0.00048268122175370773
DPR,0.00048268122175370773
DRPA,0.0
DSBAO1,0.0
DSBAO2,0.0
DSBCGT,0.0
DSBDR,-0.0
DSBGGT,0.0
DSERDHr,0.0
DSERt2pp,0.0
DSERtex,0.0
DTARTD,0.0
DTMPK,0.020786298099980463
DTMPtex,0.0
DUMPtex,0.0
DURADx,0.0
DURIK1,0.0
DURIPP,0.0
DURIt2pp,0.0
DURItex,0.0
DUTPDP,0.020786298099980463
DXPRIi,0.005552510026626508
DXPS,0.005926252778192373
DXYLK,-0.0
E4PD,0.0001868713757829326
EAR100x,0.0
EAR100y,0.0
EAR120x,0.0
EAR120y,0.0
EAR121x,0.0
EAR121y,0.0
EAR140x,0.0
EAR140y,0.0
EAR141x,0.0
EAR141y,0.0
EAR160x,0.0
EAR160y,0.0
EAR161x,0.07906251373259249
EAR161y,0.0
EAR180x,0.0
EAR180y,0.0
EAR181x,0.0
EAR181y,0.0
EAR40x,0.0
EAR40y,0.0
EAR60x,0.0
EAR60y,0.0
EAR80x,0.0
EAR80y,0.0
ECA4COLIPAabctex,-0.0
ECA4OALpp,0.0
ECAP1pp,0.0
ECAP2pp,0.0
ECAP3pp,0.0
ECAtpp,-0.0
ECOAH1,0.2624453445048329
ECOAH2,0.2624453445048329
ECOAH3,0.2624453445048329
ECOAH4,0.2624428305401363
ECOAH5,0.2624428305401363
ECOAH6,0.228290620136399
ECOAH7,0.14239766432305906
ECOAH8,0.04074801577946583
EDA,0.0
EDD,0.0
EDTXS1,0.00683044208074746
EDTXS2,0.00683044208074746
EDTXS3,0.0
EDTXS4,0.0
EGMEACPR,1.67597646442092e-06
ENLIPAabctex,0.0
ENO,8.832837587296627
ENTCS,0.0001868713757829326
ENTERES,0.0
ENTERES2,0.0
EPMEACPR,1.67597646442092e-06
ETHAAL,-0.0
ETHAt2pp,0.0
ETHAtex,0.0
ETHSO3abcpp,0.0
ETHSO3tex,0.0
ETOHtex,0.0
ETOHtrpp,0.0
F6PA,3.7153629424005863
F6PP,0.0
F6Pt6_2pp,0.0
F6Ptex,0.0
FA100ACPHi,0.0
FA120ACPHi,0.0
FA140ACPHi,0.0
FA141ACPHi,0.0
FA160ACPHi,0.0
FA161ACPHi,0.0
FA80ACPHi,0.0
FACOAE100,0.0
FACOAE120,0.034152210403737296
FACOAE140,0.006830442080747456
FACOAE141,0.07906251373259249
FACOAE160,0.10164964854359324
FACOAE161,0.0
FACOAE180,0.0
FACOAE181,0.04074801577946583
FACOAE60,0.0
FACOAE80,2.5139646966313803e-06
FACOAL100t2pp,0.0
FACOAL120t2pp,0.0
FACOAL140t2pp,0.0
FACOAL141t2pp,0.0
FACOAL160t2pp,0.0
FACOAL161t2pp,0.0
FACOAL180t2pp,0.0
FACOAL181t2pp,0.0
FACOAL60t2pp,0.0
FACOAL80t2pp,0.0
FADRx,1.6044969062016001
FADRx2,0.0
FALDH2,0.0
FALDtex,0.0
FALDtpp,0.0
FALGTHLs,0.0
FBA,0.0
FBA3,0.0
FBP,0.0
FCI,0.0
FCLK,0.0
FCLPA,0.0
FCLT,0.0003737427515658652
FDH4pp,0.0
FDH5pp,0.0
FDMO,0.0
FDMO2,0.0
FDMO3,0.0
FDMO4,0.0
FDMO6,0.0
FE2abcpp,0.0
FE2t2pp,0.0
FE2t3pp,0.0
FE2tex,0.013011443281531813
FE2tpp,0.013011443281531813
FE3DCITabcpp,0.0
FE3DCITtonex,0.0
FE3DHBZR,-0.0
FE3DHBZSabcpp,0.0
FE3DHBZStonex,0.0
FE3HOXR1,0.0
FE3HOXR2,0.0
FE3HOXR3,0.0
FE3HOXUtex,0.0
FE3HOXUtpp,0.0
FE3HOXabcpp,0.0
FE3HOXexs,0.0
FE3HOXtonex,0.0
FE3Ri,0.0
FE3abcpp,0.0
FE3tex,0.0
FECRMR1,0.0
FECRMR2,0.0
FECRMR3,0.0
FECRMUtex,0.0
FECRMUtpp,0.0
FECRMabcpp,0.0
FECRMexs,0.0
FECRMtonex,0.0
FEENTERR1,0.0
FEENTERR2,0.0
FEENTERR3,0.0
FEENTERabcpp,0.0
FEENTERexs,0.0
FEENTERtex,0.0
FEENTERtonex,0.0
FEENTERtpp,0.0
FEOXAMR1,0.0
FEOXAMR2,0.0
FEOXAMR3,0.0
FEOXAMUtex,0.0
FEOXAMUtpp,0.0
FEOXAMabcpp,0.0
FEOXAMexs,0.0
FEOXAMtonex,0.0
FEROpp,0.0
FESD1s,0.0031122882944296486
FESD2s,0.0
FESR,0.006224576588859297
FFSD,0.0
FHL,0.0
FLDR2,0.0
FLVR,0.0
FLVRx,0.0
FMETTRS,0.0
FMNAT,0.0001868713757829326
FMNRx,0.0
FMNRx2,0.0
FOMETRi,0.0
FORCT,0.0
FORt2pp,0.0
FORtex,0.0
FORtppi,0.0
FRD2,0.0
FRD3,0.0
FRUK,0.0
FRULYSDG,0.0
FRULYSE,0.0
FRULYSK,0.0
FRULYSt2pp,0.0
FRULYStex,0.0
FRUURt2rpp,0.0
FRUURtex,0.0
FRUpts2pp,0.0
FRUptspp,0.0
FRUtex,0.0
FTHFD,0.0
FTHFLi,0.0022424565093951943
FUCtex,0.0
FUCtpp,0.0
FUM,0.8485016325717504
FUMt2_2pp,0.0
FUMt2_3pp,0.0
FUMtex,0.0
FUSAtex,0.0
FUSAtpp,0.0
G1PACT,0.059879287120830633
G1PPpp,0.0
G1PTT,0.00683044208074746
G1Ptex,0.0
G1SAT,0.0044849130187903825
G2PP,0.0
G2PPpp,0.0
G3PAT120,0.0
G3PAT140,0.0
G3PAT141,0.0
G3PAT160,0.05082482427179662
G3PAT161,0.039531256866296244
G3PAT180,0.0
G3PAT181,0.020374007889732912
G3PCabcpp,0.0
G3PCtex,0.0
G3PD2,3.5740059835717544
G3PD5,0.0
G3PD6,0.0
G3PD7,0.0
G3PEabcpp,0.0
G3PEtex,0.0
G3PGabcpp,0.0
G3PGtex,0.0
G3PIabcpp,0.0
G3PItex,0.0
G3PSabcpp,0.0
G3PStex,0.0
G3PT,0.0
G5SADs,0.0
G5SD,0.0
G6PDA,0.0
G6PDH2r,10.669918928989624
G6PP,0.0
G6Pt6_2pp,0.0
G6Ptex,0.0
GAL1PPpp,0.0
GAL1Ptex,0.0
GALBDtex,0.0
GALCTD,0.0
GALCTLO,0.0
GALCTND,0.0
GALCTNLt2pp,0.0
GALCTNLtex,0.0
GALCTNt2pp,0.0
GALCTNtex,0.0
GALCTt2rpp,0.0
GALCTtex,0.0
GALKr,0.0
GALM2pp,0.0
GALS3,0.0
GALT1,0.00683044208074746
GALTptspp,0.0
GALTtex,0.0
GALURt2rpp,0.0
GALURtex,0.0
GALUi,0.02732176832298984
GALabcpp,0.0
GALt2pp,0.0
GALtex,0.0
GAM6Pt6_2pp,0.0
GAMAN6Ptex,0.0
GAMptspp,0.0
GAMtex,0.0
GAPD,10.429374024286327
GARFT,0.36459611001127684
GART,0.0
GBBTNtex,0.0
GCALDD,0.0007474855031317336
GDMANE,0.0
GDPDPK,0.0
GDPMNH,0.0
GDPMNP,0.0
GDPTPDP,0.0
GDPtex,0.0
GF6PTA,0.059879287120830633
GGGABADr,0.0
GGGABAH,0.0
GGPTRCO,0.0
GGPTRCS,0.0
GHBDHx,0.0
GHMT2r,1.1323060401332852
GK1,0.19823114425877755
GLBRAN2,0.0
GLCATr,0.0
GLCDpp,0.0
GLCNt2rpp,0.0
GLCNtex,0.0
GLCP,0.0
GLCP2,0.0
GLCRAL,0.0
GLCRD,0.0
GLCRt2rpp,0.0
GLCRtex,0.0
GLCS1,0.1292068915598342
GLCTR1,0.00683044208074746
GLCTR2,0.00683044208074746
GLCTR3,0.00683044208074746
GLCUR1Ptex,0.0
GLCURt2rpp,0.0
GLCURtex,0.0
GLCabcpp,0.0
GLCptspp,8.160000000000025
GLCt2pp,0.0
GLCtex,0.0
GLCtexi,8.16
GLDBRAN2,0.0
GLGC,0.1292068915598342
GLNS,1.4559995255362588
GLNTRS,0.0
GLNabcpp,0.0
GLNtex,0.0
GLTPD,0.0
GLU5K,0.0
GLUABUTt7pp,0.0
GLUCYS,0.0001868713757829326
GLUDC,0.0
GLUDy,-6.77970398825766
GLUN,0.0
GLUNpp,0.0
GLUPRT,0.36459611001127684
GLUR,-0.023109201479667857
GLUSy,0.0
GLUTRR,0.0044849130187903825
GLUTRS,0.0044849130187903825
GLUabcpp,0.0
GLUt2rpp,0.0
GLUt4pp,0.0
GLUtex,0.0
GLXCL,0.0003737427515658668
GLYALDtex,0.0
GLYALDtpp,0.0
GLYAT,0.4431382330516778
GLYBabcpp,0.0
GLYBt2pp,0.0
GLYBtex,0.0
GLYC2Pabcpp,0.0
GLYC2Ptex,0.0
GLYC3Pabcpp,0.0
GLYC3Pt6pp,0.0
GLYC3Ptex,0.0
GLYCAt2rpp,0.0
GLYCAtex,0.0
GLYCDx,-3.709461753379182
GLYCK,0.0003737427515658668
GLYCK2,0.0
GLYCL,-0.17446705497564263
GLYCLTDx,-0.0007474855031317336
GLYCLTDy,0.0
GLYCLTt2rpp,0.0
GLYCLTt4pp,0.0
GLYCLTtex,0.0
GLYCTO2,0.0
GLYCTO3,0.0
GLYCTO4,0.0
GLYCtex,0.0
GLYCtpp,-0.00537485652139789
GLYK,3.71483660990058
GLYOX,0.0
GLYOX3,0.0
GLYTRS,0.0
GLYt2pp,0.0
GLYt2rpp,0.0
GLYt4pp,0.0
GLYtex,0.0
GMAND,0.0
GMHEPAT,0.02732176832298984
GMHEPK,0.02732176832298984
GMHEPPA,0.02732176832298984
GMPR,0.0
GMPS2,0.19823114425877755
GMPtex,0.0
GND,10.669918928989624
GNK,0.0
GOFUCR,0.0
GP4GH,-0.0
GPDDA1,0.0
GPDDA1pp,0.0
GPDDA2,0.0
GPDDA2pp,0.0
GPDDA3,0.0
GPDDA3pp,0.0
GPDDA4,0.0
GPDDA4pp,0.0
GPDDA5,0.0
GPDDA5pp,0.0
GRTT,0.0007935748559033057
GRXR,0.0
GSNK,0.0
GSNt2pp,0.0
GSNtex,0.0
GSPMDA,0.0
GSPMDS,0.0
GTHOXtex,0.0
GTHOr,0.0
GTHPi,0.0
GTHRDHpp,0.0
GTHRDabc2pp,0.0
GTHRDabcpp,0.0
GTHRDtex,0.0
GTHS,0.0001868713757829326
GTPCI,0.0007474855031317336
GTPCII2,0.0003737427515658652
GTPDPDP,0.0
GTPDPK,0.0
GTPHs,0.0
GTPtex,0.0
GUACYC,0.0
GUAD,0.0
GUAPRT,0.0
GUAt2pp,0.0
GUAtex,0.0
GUAtpp,0.0
GUI1,0.0
GUI2,0.0
GUR1PPpp,0.0
H2O2tex,0.0
H2Otex,-36.30041959729114
H2Otpp,-36.31732852384068
H2SO,0.0
H2St1pp,0.0
H2Stex,0.0
H2tex,0.0
H2tpp,0.0
HACD1,0.2624453445048329
HACD2,0.2624453445048329
HACD3,0.2624453445048329
HACD4,0.2624428305401363
HACD5,0.2624428305401363
HACD6,0.228290620136399
HACD7,0.14239766432305906
HACD8,0.04074801577946583
HADPCOADH3,0.0
HBZOPT,0.0001868713757829326
HCINNMt2rpp,0.0
HCINNMtex,0.0
HCO3E,0.470824526255668
HCYSMT,0.0
HCYSMT2,0.0
HDCAtexi,0.0
HDCEAtexi,0.0
HEMEOS,0.0001868713757829326
HEPK1,0.00683044208074746
HEPK2,0.00683044208074746
HEPT1,0.00683044208074746
HEPT2,0.00683044208074746
HEPT3,0.00683044208074746
HEPT4,0.00683044208074746
HETZK,-0.0
HEX1,0.0
HEX4,0.0
HEX7,0.0
HEXt2rpp,0.0
HG2abcpp,0.0
HG2t3pp,0.0
HG2tex,0.0
HISTD,0.07714184470436611
HISTP,0.07714184470436611
HISTRS,0.0
HISabcpp,0.0
HISt2rpp,0.0
HIStex,0.0
HKNDDH,-0.0
HKNTDH,0.0
HMBS,0.0005606141273487978
HMPK1,-0.0
HOMt2pp,0.0
HOMtex,0.0
HOPNTAL,0.0
HPPK2,0.0007474855031317336
HPPPNDO,0.0
HPPPNt2rpp,0.0
HPPPNtex,0.0
HPYRI,-0.0003737427515658668
HPYRRx,0.0003737427515658668
HPYRRy,0.0
HSDy,-0.13098175063565598
HSK,0.0
HSST,0.13098175063565592
HSTPT,0.07714184470436611
HXAND,0.0
HXAtex,0.0
HXCT,0.0
HXPRT,0.0
HYD1pp,0.0
HYD2pp,0.0
HYD3pp,0.0
HYPOE,0.0
HYXNtex,0.0
HYXNtpp,0.0
Htex,-7.627934531636265
I2FE2SR,1.67597646442092e-06
I2FE2SS,0.0002287707873934556
I2FE2SS2,0.0002103350462848255
I2FE2ST,2.0111717573051042e-05
I4FE4SR,0.0002103350462848255
I4FE4ST,0.0002103350462848255
ICDHyr,0.9118535429268834
ICHORS,0.0
ICHORSi,0.000934356878914663
ICHORT,0.0005606141273487978
ICL,0.0
ICYSDS,0.001479049229851462
IDOND,0.000886499676988963
IDOND2,0.0
IDONt2rpp,0.0
IDONtex,0.0
IG3PS,0.07714184470436611
IGPDH,0.07714184470436611
IGPS,0.04628544201791255
ILETA,-0.23656910588240612
ILETRS,0.0
ILEabcpp,0.0
ILEt2rpp,0.0
ILEtex,0.0
IMPC,-0.44155108333986004
IMPD,0.19823114425877755
IMPtex,0.0
INDOLEt2pp,0.0
INDOLEt2rpp,0.0
INDOLEtex,0.0
INOSTt4pp,0.0
INSH,0.0
INSK,0.0
INSTtex,0.0
INSt2pp,0.0
INSt2rpp,0.0
INStex,0.0
IPDDI,0.0007935748559033056
IPDPS,0.005552510026626508
IPMD,0.3668528123206308
IPPMIa,-0.3668528123206308
IPPMIb,-0.3668528123206308
IPPS,0.3668528123206308
ISETACabcpp,0.0
ISETACtex,0.0
K2L4Aabcpp,0.0
K2L4Aabctex,0.0
KARA1,-0.7119028468156102
KARA2,0.23656910588240612
KAS14,0.0
KAS15,0.0
KDOCT2,0.02049132624224238
KDOPP,0.02049132624224238
KDOPS,0.02049132624224238
KG6PDC,0.0
Kabcpp,0.0
Kt2pp,0.15560603483916033
Kt3pp,0.0
Ktex,0.15560603483916033
L-LACD2,0.0
L-LACD3,0.0
L-LACt2rpp,0.0
L-LACtex,0.0
LA4NTpp,0.0
LACZ,0.0
LACZpp,0.0
LADGMDH,0.0
LALADGLUtex,0.0
LALADGLUtpp,0.0
LALALGLUtex,0.0
LALALGLUtpp,0.0
LALDO2x,0.0
LALDO3,0.0
LALGP,0.0
LCADi,0.0
LCARR,0.0
LCARS,0.0
LCTSt3ipp,0.0
LCTStex,0.0
LCTStpp,0.0
LDH_D,0.0
LDH_D2,0.0
LEUTAi,0.3668528123206308
LEUTRS,0.0
LEUabcpp,0.0
LEUt2rpp,0.0
LEUtex,0.0
LGTHL,0.0
LIPACabcpp,0.0
LIPAHT2ex,0.0
LIPAHTex,0.0
LIPAMPL,0.0
LIPATPT,0.0
LIPAabcpp,0.0
LIPAabctex,0.0
LIPOCT,2.5139646966313803e-06
LIPOS,2.5139646966313803e-06
LIPOt2pp,0.0
LIPOtex,0.0
LPADSS,0.00683044208074746
LPLIPAL1A120pp,0.0
LPLIPAL1A140pp,0.0
LPLIPAL1A141pp,0.0
LPLIPAL1A160pp,0.0
LPLIPAL1A161pp,0.0
LPLIPAL1A180pp,0.0
LPLIPAL1A181pp,0.0
LPLIPAL1E120pp,0.0
LPLIPAL1E140pp,0.0
LPLIPAL1E141pp,0.0
LPLIPAL1E160pp,0.0
LPLIPAL1E161pp,0.0
LPLIPAL1E180pp,0.0
LPLIPAL1E181pp,0.0
LPLIPAL1G120pp,0.0
LPLIPAL1G140pp,0.0
LPLIPAL1G141pp,0.0
LPLIPAL1G160pp,0.0
LPLIPAL1G161pp,0.0
LPLIPAL1G180pp,0.0
LPLIPAL1G181pp,0.0
LPLIPAL2A120,-0.0
LPLIPAL2A140,-0.0
LPLIPAL2A141,0.0
LPLIPAL2A160,-0.0
LPLIPAL2A161,-0.0
LPLIPAL2A180,-0.0
LPLIPAL2A181,-0.0
LPLIPAL2ATE120,0.0
LPLIPAL2ATE140,0.0
LPLIPAL2ATE141,0.0
LPLIPAL2ATE160,0.0
LPLIPAL2ATE161,0.0
LPLIPAL2ATE180,0.0
LPLIPAL2ATE181,0.0
LPLIPAL2ATG120,0.0
LPLIPAL2ATG140,0.0
LPLIPAL2ATG141,0.0
LPLIPAL2ATG160,0.0
LPLIPAL2ATG161,0.0
LPLIPAL2ATG180,0.0
LPLIPAL2ATG181,0.0
LPLIPAL2E120,0.0
LPLIPAL2E140,0.0
LPLIPAL2E141,0.0
LPLIPAL2E160,0.0
LPLIPAL2E161,0.0
LPLIPAL2E180,0.0
LPLIPAL2E181,0.0
LPLIPAL2G120,0.0
LPLIPAL2G140,0.0
LPLIPAL2G141,0.0
LPLIPAL2G160,0.0
LPLIPAL2G161,0.0
LPLIPAL2G180,0.0
LPLIPAL2G181,0.0
LSERDHr,0.0
LYSDC,0.0
LYSTRS,0.0
LYSabcpp,0.0
LYSt2pp,0.0
LYSt3pp,0.0
LYStex,0.0
LYXI,0.0
LYXt2pp,0.0
LYXtex,0.0
M1PD,0.0
MACPD,0.0
MALCOAMT,1.67597646442092e-06
MALDDH,0.0
MALDt2_2pp,0.0
MALDtex,0.0
MALS,0.0
MALTATr,0.0
MALTHXabcpp,0.0
MALTHXtexi,0.0
MALTPTabcpp,0.0
MALTPTtexi,0.0
MALTTRabcpp,0.0
MALTTRtexi,0.0
MALTTTRabcpp,0.0
MALTTTRtexi,0.0
MALTabcpp,0.0
MALTptspp,0.0
MALTtexi,0.0
MALt2_2pp,0.0
MALt2_3pp,0.0
MALt3pp,0.0
MALtex,0.0
MAN1PT2,0.0
MAN6PI,0.0
MAN6Pt6_2pp,0.0
MAN6Ptex,0.0
MANAO,0.0
MANGLYCptspp,0.0
MANGLYCtex,0.0
MANPGH,0.0
MANptspp,0.0
MANtex,0.0
MCITD,0.0
MCITL2,0.0
MCITS,0.0
MCOATA,0.10638763400851116
MCPST,-0.0
MCTP1App,0.0095815574470944
MCTP1Bpp,0.0011270941723230687
MCTP2App,0.0005639660802776396
MDDCP1pp,0.009074574566607072
MDDCP2pp,0.0005639660802776396
MDDCP3pp,0.0
MDDCP4pp,0.0
MDDCP5pp,0.0
MDDEP1pp,0.004509214677524485
MDDEP2pp,0.0
MDDEP3pp,0.0
MDDEP4pp,0.0
MDH,2.8563256268891744
MDH2,0.0
MDH3,0.0
ME1,-2.008839636054863
ME2,0.0
MECDPDH5,0.005552510026626508
MECDPS,0.005552510026626508
MELIBt2pp,0.0
MELIBt3ipp,0.0
MELIBtex,0.0
MEOHtex,-1.67597646442092e-06
MEOHtrpp,-1.67597646442092e-06
MEPCT,0.005552510026626508
METAT,0.00715641950307733
METDabcpp,0.0
METDtex,0.0
METOX1s,0.0
METOX2s,0.0
METS,0.13210465486681797
METSOX1abcpp,0.0
METSOX1tex,0.0
METSOX2abcpp,0.0
METSOX2tex,0.0
METSOXR1,0.0
METSOXR2,0.0
METTRS,0.0
METabcpp,0.0
METtex,0.0
MG2t3_2pp,0.0069159168804329265
MG2tex,0.0069159168804329265
MG2tpp,0.0
MG2uabcpp,0.0
MGSA,0.0
MI1PP,-0.0
MICITDr,0.0
MINCYCtex,0.0
MINCYCtpp,0.0
MINOHPtexi,0.0
MLDCP1App,0.0005069828804873283
MLDCP1Bpp,0.0
MLDCP2App,0.0
MLDCP2Bpp,0.0
MLDCP3App,0.0011270941723230687
MLDEP1pp,0.0011270941723230687
MLDEP2pp,0.0
MLTG1,-0.0
MLTG2,0.0
MLTG3,0.0
MLTG4,0.0
MLTG5,0.0
MLTGY1pp,0.0
MLTGY2pp,0.0
MLTGY3pp,0.0
MLTGY4pp,0.0
MLTP1,0.0
MLTP2,0.0
MLTP3,0.0
MMCD,0.0
MMETt2pp,0.0
MMETtex,0.0
MMM,0.0
MN2t3pp,0.0
MN2tpp,0.0005513962567944827
MN6PP,0.0
MNLptspp,0.0
MNLtex,0.0
MNNH,0.0
MNt2pp,0.0
MNtex,0.0005513962567944827
MOADSUx,0.00041229021024754637
MOAT,0.00683044208074746
MOAT2,0.00683044208074746
MOAT3C,0.00683044208074746
MOBDabcpp,0.00011480438781283304
MOBDtex,0.00011480438781283304
MOCDS,5.86591762547322e-06
MOCOS,0.00010893847018735982
MOGDS,5.86591762547322e-06
MOHMT,0.00048268122175370773
MOX,0.001015641737439077
MPTAT,0.00020614510512377318
MPTG,0.011272617699695108
MPTG2,0.0005639660802776396
MPTS,0.00020614510512377318
MPTSS,0.00041229021024754637
MSAR,0.0
MSO3abcpp,0.0
MSO3tex,0.0
MTAN,0.005651392638027343
MTHFC,0.8040916082175247
MTHFD,0.8040916082175247
MTHFR2,0.1322915262426009
MTHTHFSs,0.0011229042311620167
MTRPOX,-0.0
N2Otex,0.0
N2Otpp,0.0
NACODA,0.0
NACtex,0.0
NACtpp,0.0
NADDP,0.0
NADH10,0.0
NADH16pp,25.694726946683346
NADH17pp,0.0
NADH18pp,0.0
NADH5,0.0
NADH9,0.0
NADK,0.0003745807397980756
NADN,0.0
NADPHQR2,0.0
NADPHQR3,0.0
NADPHQR4,0.0
NADPPPS,0.0
NADS1,0.0019097751812076386
NADTRHD,0.0
NAMNPP,0.0
NAt3_1p5pp,0.0
NAt3_2pp,0.0
NAt3pp,0.0
NAtex,0.0
NDPK1,0.6492523326108486
NDPK2,0.35562879793840396
NDPK3,0.13725660651844837
NDPK4,0.027616740180727923
NDPK5,0.0
NDPK6,0.0
NDPK7,0.0
NDPK8,0.0
NH4tex,8.804138166319829
NH4tpp,8.804138166319829
NHFRBO,0.0
NI2abcpp,0.0
NI2t3pp,0.0
NI2tex,0.0002572623872886112
NI2tpp,0.0002572623872886112
NI2uabcpp,0.0
NMNAT,0.0
NMNDA,0.0
NMNN,0.0
NMNPtpp,0.0
NMNt7pp,0.0
NMNtex,0.0
NNAM,0.0
NNATr,0.0019097751812076386
NNDMBRT,-0.0
NNDPR,0.0019097751812076386
NO2t2rpp,0.0
NO2tex,0.0
NO3R1bpp,0.0
NO3R1pp,0.0
NO3R2bpp,0.0
NO3R2pp,0.0
NO3t7pp,0.0
NO3tex,0.0
NODOx,0.0
NODOy,0.0
NOVBCNtex,0.0
NOVBCNtpp,0.0
NOtex,0.0
NOtpp,0.0
NTD1,0.0
NTD10,0.0
NTD10pp,0.0
NTD11,0.0
NTD11pp,0.0
NTD12,0.0
NTD12pp,0.0
NTD1pp,0.0
NTD2,0.0
NTD2pp,0.0
NTD3,0.0
NTD3pp,0.0
NTD4,0.0
NTD4pp,0.0
NTD5,0.0
NTD5pp,0.0
NTD6,0.0
NTD6pp,0.0
NTD7,0.0
NTD7pp,0.0
NTD8,0.0
NTD8pp,0.0
NTD9,0.0
NTD9pp,0.0
NTP1,0.0
NTP10,0.0
NTP11,0.0
NTP12,0.0
NTP3,0.0
NTP3pp,0.0
NTP5,0.0
NTPP1,0.0
NTPP10,0.0
NTPP11,0.0
NTPP2,0.0
NTPP3,0.0
NTPP4,0.0
NTPP5,0.0
NTPP6,0.0
NTPP7,0.0
NTPP8,0.0
NTPP9,0.0
NTPTP1,0.0
NTPTP2,0.0
NTRIR2x,0.0
NTRIR3pp,0.0
NTRIR4pp,0.0
O16A4COLIPAabctex,-0.0
O16A4Lpp,0.0
O16AP1pp,0.0
O16AP2pp,0.0
O16AP3pp,0.0
O16AT,-0.0
O16AUNDtpp,-0.0
O16GALFT,0.0
O16GLCT1,-0.0
O16GLCT2,0.0
O2Stex,0.0
O2tex,12.985863235402606
O2tpp,12.985863235402606
OAADC,0.0
OBTFL,0.0
OCBT,0.24085457770193044
OCDCAtexi,0.0
OCDCEAtexi,0.0
OCTAtex,0.0
OCTDPS,0.0005606141273487978
OCTNLL,0.0
OGMEACPD,1.67597646442092e-06
OGMEACPR,1.67597646442092e-06
OGMEACPS,1.67597646442092e-06
OHPBAT,0.0001868713757829326
OHPHM,0.0001868713757829326
OMBZLM,0.0001868713757829326
OMCDC,0.3668528123206308
OMMBLHX,0.0001868713757829326
OMMBLHX3,0.0
OMPDC,0.2684277424945835
OMPHHX,0.0001868713757829326
OMPHHX3,0.0
OP4ENH,0.0
OPHBDC,0.0001868713757829326
OPHHX,0.0001868713757829326
OPHHX3,0.0
OPMEACPD,1.67597646442092e-06
OPMEACPR,1.67597646442092e-06
OPMEACPS,1.67597646442092e-06
ORNDC,0.033531261123669345
ORNabcpp,0.0
ORNtex,0.0
OROTt2_2pp,0.0
OROTtex,0.0
ORPT,-0.2684277424945835
OXAMTC,0.0
OXCDC,0.0
OXCOAHDH,0.0
OXDHCOAT,0.0
P5CD,-0.17999819630234237
P5CR,0.17999819630234237
PA120abcpp,0.0
PA140abcpp,0.0
PA141abcpp,0.0
PA160abcpp,0.0
PA161abcpp,0.0
PA180abcpp,0.0
PA181abcpp,0.0
PACALDt2rpp,0.0
PACALDtex,0.0
PACCOAE,0.0
PACCOAL,0.0
PANTS,0.00048268122175370773
PAPA120,0.0
PAPA120pp,0.0
PAPA140,0.0
PAPA140pp,0.0
PAPA141,0.0
PAPA141pp,0.0
PAPA160,0.0
PAPA160pp,0.0
PAPA161,0.0
PAPA161pp,0.0
PAPA180,0.0
PAPA180pp,0.0
PAPA181,0.0
PAPA181pp,0.0
PAPPT3,0.023109201479667857
PAPSR,0.20770124927098846
PAPSR2,0.0
PDE1,0.0
PDE4,0.0
PDH,3.770765201500681
PDX5PO2,0.0
PDX5POi,0.0001868713757829326
PDX5PS,0.0001868713757829326
PDXPP,0.0
PE120abcpp,0.0
PE140abcpp,0.0
PE141abcpp,0.0
PE160abcpp,0.026646349807828207
PE161abcpp,0.020725124959029097
PE180abcpp,0.0
PE181abcpp,0.010681835995986733
PEAMNOpp,0.0
PEAMNtex,0.0
PERD,0.0001868713757829326
PETNT161pp,0.0
PETNT181pp,0.0
PFK,0.0
PFK_2,0.0
PFK_3,0.0
PFL,0.0
PG120abcpp,0.0
PG140abcpp,0.0
PG141abcpp,0.0
PG160abcpp,0.009033513143228759
PG161abcpp,0.007026531327084709
PG180abcpp,0.0
PG181abcpp,0.003620947151381398
PGAMT,-0.059879287120830633
PGCD,1.5969101797412666
PGI,-2.673278030953171
PGK,-10.429374024286327
PGL,10.669918928989624
PGLYCP,-0.0
PGM,-8.832837587296627
PGMT,-0.16335910196357206
PGP120abcpp,0.0
PGP140abcpp,0.0
PGP141abcpp,0.0
PGP160abcpp,0.0
PGP161abcpp,0.0
PGP180abcpp,0.0
PGP181abcpp,0.0
PGPP120,0.0
PGPP120pp,0.0
PGPP140,0.0
PGPP140pp,0.0
PGPP141,0.0
PGPP141pp,0.0
PGPP160,0.013815911984453855
PGPP160pp,0.0
PGPP161,0.010746361089866941
PGPP161pp,0.0
PGPP180,0.0
PGPP180pp,0.0
PGPP181,0.005538264226678931
PGPP181pp,0.0
PGSA120,0.0
PGSA140,0.0
PGSA141,0.0
PGSA160,0.013815911984453855
PGSA161,0.01074636108986694
PGSA180,0.0
PGSA181,0.005538264226678931
PHEMEabcpp,0.0
PHEMEtiex,0.0
PHETA1,-0.1508554795507592
PHETRS,0.0
PHEt2rpp,0.0
PHEtex,0.0
PHYTSpp,0.0
PIt2rpp,0.776937437540969
PItex,0.776937437540969
PIuabcpp,0.0
PLIPA1A120pp,0.0
PLIPA1A140pp,0.0
PLIPA1A141pp,0.0
PLIPA1A160pp,0.0
PLIPA1A161pp,0.0
PLIPA1A180pp,0.0
PLIPA1A181pp,0.0
PLIPA1E120pp,0.0
PLIPA1E140pp,0.0
PLIPA1E141pp,0.0
PLIPA1E160pp,0.0
PLIPA1E161pp,0.0
PLIPA1E180pp,0.0
PLIPA1E181pp,0.0
PLIPA1G120pp,0.0
PLIPA1G140pp,0.0
PLIPA1G141pp,0.0
PLIPA1G160pp,0.0
PLIPA1G161pp,0.0
PLIPA1G180pp,0.0
PLIPA1G181pp,0.0
PLIPA2A120pp,0.0
PLIPA2A140pp,0.0
PLIPA2A141pp,0.0
PLIPA2A160pp,0.0
PLIPA2A161pp,0.0
PLIPA2A180pp,0.0
PLIPA2A181pp,0.0
PLIPA2E120pp,0.0
PLIPA2E140pp,0.0
PLIPA2E141pp,0.0
PLIPA2E160pp,0.0
PLIPA2E161pp,0.0
PLIPA2E180pp,0.0
PLIPA2E181pp,0.0
PLIPA2G120pp,0.0
PLIPA2G140pp,0.0
PLIPA2G141pp,0.0
PLIPA2G160pp,0.0
PLIPA2G161pp,0.0
PLIPA2G180pp,0.0
PLIPA2G181pp,0.0
PMANM,0.0
PMDPHT,0.0003737427515658652
PMEACPE,1.67597646442092e-06
PMPK,0.0001868713757829326
PNTK,0.00048268122175370773
PNTOt4pp,0.0
PNTOtex,0.0
POAACR,0.0
POR5,0.09005021543333604
POX,0.0
PPA,3.005045912424274
PPA2,0.0
PPAKr,0.0
PPALtex,0.0
PPALtpp,0.0
PPAt4pp,0.0
PPAtex,0.0
PPBNGS,0.0022424565093951913
PPC,0.0
PPCDC,0.00048268122175370773
PPCK,0.0
PPCSCT,0.4335985750161939
PPGPPDP,0.0
PPK2r,-0.0001868713757829326
PPKr,0.0
PPM,-0.006967872150829975
PPM2,0.0
PPNCL2,0.00048268122175370773
PPND,0.1124714285743591
PPNDH,0.1508554795507592
PPPGO,0.0
PPPGO3,0.0003737427515658652
PPPNDO,0.0
PPPNt2rpp,0.0
PPPNtex,0.0
PPS,0.0
PPTHpp,0.0
PPTtex,0.0
PRAGSr,0.36459611001127684
PRAIS,0.36459611001127684
PRAIi,0.04628544201791255
PRAMPC,0.07714184470436611
PRASCSi,0.3644092386354939
PRATPP,0.07714184470436611
PRFGS,0.36459611001127684
PRMICI,0.07714184470436611
PROD2,0.0
PROGLYabcpp,0.0
PROGLYtex,0.0
PROTRS,0.0
PROabcpp,0.0
PROt2rpp,0.0
PROt4pp,0.0
PROtex,0.0
PRPPS,0.7583609144093466
PSCLYSt2pp,0.0
PSCLYStex,0.0
PSCVT,0.31166793527664316
PSD120,0.0
PSD140,0.0
PSD141,0.0
PSD160,0.03700891228734276
PSD161,0.0287848957764293
PSD180,0.0
PSD181,0.014835743663053982
PSERT,1.5969101797412666
PSERtex,0.0
PSP_L,1.5969101797412666
PSP_Lpp,0.0
PSSA120,0.0
PSSA140,0.0
PSSA141,0.0
PSSA160,0.03700891228734276
PSSA161,0.0287848957764293
PSSA180,0.0
PSSA181,0.014835743663053982
PTA2,0.0
PTAr,-0.4957479722580831
PTHRpp,0.0
PTPATi,0.00048268122175370773
PTRCORNt7pp,0.0
PTRCTA,0.0
PTRCabcpp,0.0
PTRCt2pp,0.0
PTRCtex,0.0
PUNP1,-0.006967872150829975
PUNP2,0.0
PUNP3,0.0
PUNP4,0.0
PUNP5,0.0
PUNP6,0.0
PUNP7,0.0
PYAM5PO,0.0
PYDAMK,0.0
PYDAMtex,0.0
PYDAMtpp,0.0
PYDXK,0.0
PYDXNK,0.0
PYDXNtex,0.0
PYDXNtpp,0.0
PYDXPP,0.0
PYDXtex,0.0
PYDXtpp,0.0
PYK,0.0
PYNP2r,0.0
PYROX,0.0
PYRt2rpp,0.0
PYRtex,0.0
QMO2,0.0
QMO3,0.0
QUIN2tex,0.0
QUIN2tpp,0.0
QUINDH,0.0
QULNS,0.0019097751812076386
R15BPK,0.0
R1PK,0.0
R5PP,0.0
R5PPpp,0.0
R5Ptex,0.0
RBFK,0.0001868713757829326
RBFSa,0.0007474855031317304
RBFSb,0.0003737427515658652
RBK,0.0
RBK_L1,0.0
RBP4E,-0.0
REPHACCOAI,0.0
RFAMPtex,0.0
RFAMPtpp,0.0
RHAT1,0.00683044208074746
RHCCE,0.0011229042311620167
RIBabcpp,0.0
RIBtex,0.0
RMI,0.0
RMK,0.0
RMNtex,0.0
RMNtpp,0.0
RMPA,0.0
RNDR1,0.0
RNDR1b,0.0
RNDR2,0.0
RNDR2b,0.0
RNDR3,0.0
RNDR3b,0.0
RNDR4,0.0
RNDR4b,0.0
RNTR1c2,0.020786298099980463
RNTR2c2,0.021462554603374304
RNTR3c2,0.021462554603374304
RNTR4c2,0.020786298099980463
RPE,6.475842028797577
RPI,-4.172838088446674
RZ5PP,-0.0
S2FE2SR,0.0
S2FE2SS,0.0
S2FE2SS2,0.0
S2FE2ST,0.0
S4FE4SR,0.0
S4FE4ST,0.0
S7PI,0.02732176832298984
SADH,0.0
SADT2,0.20770124927098846
SARCOX,-0.0
SBTPD,0.0
SBTptspp,0.0
SBTtex,0.0
SCYSDS,0.0
SDPDS,0.30253470153378137
SDPTA,-0.30253470153378137
SELCYSS,0.0
SELGTHR,0.0
SELGTHR2,0.0
SELGTHR3,0.0
SELNPS,0.0
SELR,0.0
SELtex,0.0
SELtpp,0.0
SEPHCHCS,0.0003737427515658652
SERASr,0.0005606141273487978
SERAT,0.20770124927098846
SERD_D,0.0
SERD_L,0.0
SERTRS,0.0
SERTRS2,0.0
SERt2rpp,-100.0
SERt4pp,100.0
SERtex,0.0
SFGTHi,0.0
SGDS,0.0
SGSAD,0.0
SHCHCS3,0.0003737427515658652
SHCHD2,0.0001868713757829326
SHCHF,0.0001868713757829326
SHK3Dr,0.31166793527664316
SHKK,0.31166793527664316
SHSL1,0.13098175063565592
SKMt2pp,0.0
SKMtex,0.0
SLNTtex,0.0
SLNTtpp,0.0
SO2tex,0.0
SO2tpp,0.0
SO3tex,0.0
SO4t2pp,0.21115878871708882
SO4tex,0.21115878871708882
SOTA,0.0
SPMDAT1,0.0
SPMDAT2,0.0
SPMDabcpp,0.0
SPMDt3pp,0.0
SPMDtex,0.0
SPMS,0.005651392638027343
SPODM,0.0
SPODMpp,0.0
SSALx,0.0
SSALy,0.0
SUCASPtpp,0.0
SUCBZL,0.0003737427515658652
SUCBZS,0.0003737427515658652
SUCCt2_2pp,0.0
SUCCt2_3pp,0.0
SUCCt3pp,0.0
SUCCtex,0.0
SUCDi,0.0010391054079409863
SUCFUMtpp,0.0
SUCMALtpp,0.0
SUCOAS,0.0
SUCRtex,0.0
SUCTARTtpp,0.0
SUCptspp,0.0
SULFACabcpp,0.0
SULFACtex,0.0
SULRi,0.20770124927098846
SULabcpp,0.0
T2DECAI,0.0
TAGURr,0.0
TALA,3.3801875335635065
TARTD,0.0
TARTRDtex,0.0
TARTRt7pp,0.0
TARTRtex,0.0
TARTt2_3pp,0.0
TAUDO,0.0
TAURabcpp,0.0
TAURtex,0.0
TCYNTtex,0.0
TDP,0.0
TDPADGAT,0.0
TDPAGTA,0.0
TDPDRE,0.00683044208074746
TDPDRR,0.00683044208074746
TDPGDH,0.00683044208074746
TDSK,0.00683044208074746
TDSR1,0.0
TDSR2,0.0
TGBPA,0.0
THD2pp,-16.269196950636246
THDPS,0.30253470153378137
THFAT,0.0
THIORDXi,0.0
THMDt2pp,0.0
THMDt2rpp,0.0
THMDtex,0.0
THMabcpp,0.0
THMtex,0.0
THRA2i,0.0
THRAi,0.0
THRD,-0.4431382330516778
THRD_L,0.23656910588240612
THRPtex,0.0
THRS,0.0
THRTRS,0.0
THRabcpp,0.0
THRt2pp,0.0
THRt2rpp,0.0
THRt4pp,0.0
THRtex,0.0
THYMt3pp,0.0
THYMtex,0.0
THZPSN3,0.0001868713757829326
TKT1,3.4075093018864964
TKT2,3.0683327269110805
TMAOR1,0.0
TMAOR1pp,0.0
TMAOR2,0.0
TMAOR2pp,0.0
TMAOtex,0.0
TMAtex,0.0
TMDK1,0.0
TMDPP,0.0
TMDS,0.020786298099980463
TMK,0.0
TMPK,0.0001868713757829326
TMPPP,0.0001868713757829326
TPI,3.577997397411951
TPRDCOAS,0.0
TRDR,0.20770124927098846
TRE6PH,0.0
TRE6PP,0.0
TRE6PS,0.0
TREH,0.0
TREHpp,0.0
TREptspp,0.0
TREtex,0.0
TRPAS2,-0.04628544201791255
TRPS1,0.0
TRPS2,0.0
TRPS3,0.04628544201791255
TRPTRS,-0.0
TRPt2rpp,0.0
TRPtex,0.0
TRSARr,0.0
TSULabcpp,0.0
TSULtex,0.0
TTDCAtexi,0.0
TTDCEAtexi,0.0
TTRCYCtex,0.0
TTRCYCtpp,0.0
TUNGSabcpp,0.0
TUNGStex,0.0
TYMtex,0.0
TYRL,0.0001868713757829326
TYROXDApp,0.0
TYRPpp,0.0
TYRPtex,0.0
TYRTA,-0.1124714285743591
TYRTRS,-0.0
TYRt2rpp,0.0
TYRtex,0.0
ThDPAT,0.0
U23GAAT,0.01366088416149492
UAAGDS,0.023109201479667857
UACGALPpp,0.0
UACGAMPpp,0.0
UACGAMtex,0.0
UACMAMO,0.0
UAG2E,0.0
UAGAAT,0.01366088416149492
UAGCVT,0.023109201479667857
UAGDP,0.059879287120830633
UAGPT3,0.023109201479667857
UAMAGS,0.023109201479667857
UAMAS,0.023109201479667857
UAPGR,0.023109201479667857
UDCPDP,0.023109201479667857
UDCPDPS,4.60893527715753e-05
UDCPDPpp,0.0
UDCPPtppi,0.0
UDPACGALtex,0.0
UDPG4E,0.0
UDPGALM,0.0
UDPGALPpp,0.0
UDPGALtex,0.0
UDPGD,0.0
UDPGDC,0.0
UDPGLCURtex,0.0
UDPGPpp,0.0
UDPGtex,0.0
UDPKAAT,0.0
UGLCURPpp,0.0
UGLT,0.0
UGLYCH,0.0
UGMDDS,0.023109201479667857
UHGADA,0.01366088416149492
ULA4NFT,0.0
ULA4Ntppi,0.0
UM3PL,0.0
UM4PCP,0.0
UM4PL,0.0
UMPK,0.2983673860549988
UMPtex,0.0
UPLA4FNF,0.0
UPLA4FNT,0.0
UPP3MT,0.0001868713757829326
UPP3S,0.0005606141273487978
UPPDC1,0.0003737427515658652
UPPRT,0.0
URACPAH,0.0
URAt2pp,0.0
URAt2rpp,0.0
URAtex,0.0
URDGLYCD,0.0
UREAtex,0.0
UREAtpp,0.0
URIC,0.0
URIH,0.0
URIK2,0.0
URIt2pp,0.0
URIt2rpp,0.0
URItex,0.0
USHD,0.00683044208074746
VALTA,0.0
VALTRS,-0.0
VALabcpp,0.0
VALt2rpp,0.0
VALtex,0.0
VPAMTr,0.3445673532732258
WCOS,0.0
X5PL3E,0.0
XAND,0.0
XANt2pp,0.0
XANtex,0.0
XANtpp,0.0
XMPtex,0.0
XPPT,0.0
XTSNH,0.0
XTSNt2rpp,0.0
XTSNtex,0.0
XYLI1,0.0
XYLI2,0.0
XYLK,0.0
XYLK2,0.0
XYLUt2pp,0.0
XYLUtex,0.0
XYLabcpp,0.0
XYLt2pp,0.0
XYLtex,0.0
ZN2abcpp,0.0
ZN2t3pp,0.0
ZN2tpp,0.00027150818723618907
ZNabcpp,0.0
Zn2tex,0.00027150818723618907
