KEGG,BIGG
C00234,10fthf_c
C00234,10fthf_e
C00234,10fthf_h
C00234,10fthf_m
C00234,10fthf_l
C00234,10fthf_x
C02912,12ppd__R_p
C02912,12ppd__R_c
C02912,12ppd__R_e
C02917,12ppd__S_p
C02917,12ppd__S_c
C02917,12ppd__S_e
C00236,13dpg_h
C00236,13dpg_c
C00236,13dpg_m
C00236,13dpg_f
C01672,15dap_p
C01672,15dap_c
C01672,15dap_e
C03912;C04322,1pyr5c_c;1pyr5c_c
C03912;C04322,1pyr5c_m;1pyr5c_m
C03401;C06393,23dappa_p;23dappa_p
C03401;C06393,23dappa_c;23dappa_c
C03401;C06393,23dappa_e;23dappa_e
C04171,23ddhb_c
C00196,23dhb_c
C04030,23dhba_c
C03340,23dhdp_c
C04272,23dhmb_h
C04272,23dhmb_c
C04272,23dhmb_m
C04104;C06007,23dhmp_h;23dhmp_h
C04104;C06007,23dhmp_c;23dhmp_c
C04104;C06007,23dhmp_m;23dhmp_m
C04575,23doguln_c
C04823,25aics_h
C04823,25aics_c
C02780,25dkglcn_c
C01304,25drapp_c
C00666,26dap_LL_c
C00680,26dap__M_p
C00680,26dap__M_c
C00680,26dap__M_e
C00659;C06006,2ahbut_h;2ahbut_h
C00659;C06006,2ahbut_c;2ahbut_c
C00659;C06006,2ahbut_m;2ahbut_m
C11822,2amsa_c
C03214;C03508,2aobut_x;2aobut_x
C03214;C03508,2aobut_c;2aobut_c
C03214;C03508,2aobut_m;2aobut_m
C01302,2cpr5p_h
C01302,2cpr5p_c
C04691,2dda7p_h
C04691,2dda7p_c
C04691,2dda7p_m
C04442,2ddg6p_c
C00204,2ddglcn_p
C00204,2ddglcn_c
C00204,2ddglcn_e
C01216,2dh3dgal_c
C01286,2dh3dgal6p_c
C00966,2dhp_c
C00966,2dhp_m
C00966,2dhp_n
C00672,2dr1p_c
C00673,2dr5p_c
C01146,2h3oppan_c
C01146,2h3oppan_m
C02631,2ippm_c
C04752,2mahmp_c
C04225,2mcacn_c
C02225,2mcit_m
C02225,2mcit_c
C02225,2mcit_e
C11434,2me4p_h
C11434,2me4p_c
C11453,2mecdp_h
C11453,2mecdp_c
C00109,2obut_p
C00109,2obut_c
C00109,2obut_e
C00109,2obut_m
C00109,2obut_h
C05811,2ohph_c
C05812,2omph_c
C05810,2oph_c
C19975,2oxpaccoa_c
C11436,2p4c2me_c
C00631,2pg_c
C00631,2pg_e
C00631,2pg_f
C00631,2pg_h
C00631,2pg_m
C00631,2pg_p
C00988,2pglyc_x
C00988,2pglyc_c
C00988,2pglyc_e
C00988,2pglyc_h
C16519,2sephchc_c
C05817,2shchc_c
C19771,2tpr3dpcoa_c
C00942,35cgmp_c
C00942,35cgmp_e
C00942,35cgmp_g
C00942,35cgmp_n
C04411,3c2hmp_c
C02504,3c3hmp_m
C02504,3c3hmp_c
C02504,3c3hmp_e
C02504,3c3hmp_h
C04236,3c4mop_c
C04236,3c4mop_m
C00618,3dhguln_c
C14899,3dhgulnp_c
C00944,3dhq_h
C00944,3dhq_c
C02637,3dhsk_h
C02637,3dhsk_c
C01271,3haACP_c
C14145,3hadpcoa_c
C01144,3hbcoa_x
C01144,3hbcoa_c
C01144,3hbcoa_m
C12621,3hcinnm_p
C12621,3hcinnm_c
C12621,3hcinnm_e
C05264,3hdcoa_x
C05264,3hdcoa_c
C05264,3hdcoa_m
C05262,3hddcoa_x
C05262,3hddcoa_c
C05262,3hddcoa_m
C05757,3hddecACP_h
C05757,3hddecACP_c
C04619,3hdecACP_h
C04619,3hdecACP_c
C05268,3hhcoa_x
C05268,3hhcoa_c
C05268,3hhcoa_m
C05258,3hhdcoa_x
C05258,3hhdcoa_c
C05258,3hhdcoa_m
C05747,3hhexACP_h
C05747,3hhexACP_c
C04688,3hmrsACP_h
C04688,3hmrsACP_c
C05266,3hocoa_x
C05266,3hocoa_c
C05266,3hocoa_m
C04620,3hoctACP_h
C04620,3hoctACP_c
C16220,3hoctaACP_h
C16220,3hoctaACP_c
C16217,3hodcoa_x
C16217,3hodcoa_c
C04633,3hpalmACP_h
C04633,3hpalmACP_c
C01013,3hpp_p
C01013,3hpp_c
C01013,3hpp_e
C11457,3hpppn_p
C11457,3hpppn_c
C11457,3hpppn_e
C05260,3htdcoa_x
C05260,3htdcoa_c
C05260,3htdcoa_m
C03506,3ig3p_h
C03506,3ig3p_c
C00141,3mob_h
C00141,3mob_c
C00141,3mob_m
C00671;C03465;C06008,3mop_m;3mop_m;3mop_m
C00671;C03465;C06008,3mop_c;3mop_c;3mop_c
C00671;C03465;C06008,3mop_e;3mop_e;3mop_e
C00671;C03465;C06008,3mop_h;3mop_h;3mop_h
C05265,3odcoa_x
C05265,3odcoa_c
C05265,3odcoa_m
C05263,3oddcoa_x
C05263,3oddcoa_c
C05263,3oddcoa_m
C05756,3oddecACP_h
C05756,3oddecACP_c
C05753,3odecACP_h
C05753,3odecACP_c
C05269,3ohcoa_x
C05269,3ohcoa_c
C05269,3ohcoa_m
C05259,3ohdcoa_x
C05259,3ohdcoa_c
C05259,3ohdcoa_m
C05746,3ohexACP_h
C05746,3ohexACP_c
C05759,3omrsACP_h
C05759,3omrsACP_c
C05267,3oocoa_x
C05267,3oocoa_c
C05267,3oocoa_m
C05750,3ooctACP_h
C05750,3ooctACP_c
C16216,3oodcoa_c
C05762,3opalmACP_h
C05762,3opalmACP_c
C05809,3ophb_c
C05261,3otdcoa_x
C05261,3otdcoa_c
C05261,3otdcoa_m
C19945,3oxdhscoa_c
C00197;C00597,3pg_c;3pg_c
C00197;C00597,3pg_e;3pg_e
C00197;C00597,3pg_f;3pg_f
C00197;C00597,3pg_h;3pg_h
C00197;C00597,3pg_m;3pg_m
C00197;C00597,3pg_p;3pg_p
C00197;C00597,3pg_x;3pg_x
C03232,3php_h
C03232,3php_c
C01269,3psme_h
C01269,3psme_c
C00606,3sala_h
C00606,3sala_c
C00606,3sala_m
C00334,4abut_c
C00334,4abut_e
C00334,4abut_h
C00334,4abut_m
C00334,4abut_l
C00334,4abut_p
C00555,4abutn_h
C00555,4abutn_c
C00555,4abutn_m
C00568,4abz_m
C00568,4abz_c
C00568,4abz_e
C11355,4adcho_c
C01279,4ahmmp_c
C04556,4ampm_c
C11435,4c2me_h
C11435,4c2me_c
C01468,4crsol_p
C01468,4crsol_c
C01468,4crsol_e
C03589,4h2opntn_c
C00156,4hbz_p
C00156,4hbz_c
C00156,4hbz_e
C00156,4hbz_m
C06056,4hthr_p
C06056,4hthr_c
C06056,4hthr_e
C04294,4mhetz_c
C00233,4mop_h
C00233,4mop_c
C00233,4mop_m
C04327,4mpetz_c
C03082,4pasp_h
C03082,4pasp_c
C03393,4per_c
C03492,4ppan_c
C03492,4ppan_m
C04352,4ppcys_c
C04732,4r5au_h
C04732,4r5au_c
C00429,56dura_c
C04751,5aizc_h
C04751,5aizc_c
C00430,5aop_m
C00430,5aop_c
C00430,5aop_e
C00430,5aop_h
C04454,5aprbu_h
C04454,5aprbu_c
C01268,5apru_h
C01268,5apru_c
C15667,5caiz_c
C01062,5dglcn_p
C01062,5dglcn_c
C01062,5dglcn_e
C00679,5dh4dglc_c
C03479,5fthf_m
C03479,5fthf_c
C03479,5fthf_e
C00170,5mta_h
C00170,5mta_c
C00170,5mta_m
C00440,5mthf_m
C00440,5mthf_c
C00440,5mthf_e
C03089,5mtr_p
C03089,5mtr_c
C03089,5mtr_e
C04778,5prdmbz_c
C01300,6hmhpt_c
C04807,6hmhptpp_c
C00345,6pgc_h
C00345,6pgc_c
C00345,6pgc_r
C00345,6pgc_e
C01236,6pgl_h
C01236,6pgl_c
C01236,6pgl_r
C01092,8aonn_c
C01092,8aonn_e
C00145;C00229;C00812;C01336;C04298;C11482;C16736,ACP_h;ACP_h;ACP_h;ACP_h;ACP_h;ACP_h;ACP_h
C00145;C00229;C00812;C01336;C04298;C11482;C16736,ACP_c;ACP_c;ACP_c;ACP_c;ACP_c;ACP_c;ACP_c
C00145;C00229;C00812;C01336;C04298;C11482;C16736,ACP_m;ACP_m;ACP_m;ACP_m;ACP_m;ACP_m;ACP_m
C20957,LalaDglu_p
C20957,LalaDglu_c
C20957,LalaDglu_e
C20958,LalaLglu_p
C20958,LalaLglu_c
C20958,LalaLglu_e
C00612,N1aspmd_c
C01031,Sfglutth_c
C06735,aacald_c
C00332,aacoa_x
C00332,aacoa_c
C00332,aacoa_m
C01888,aact_x
C01888,aact_c
C01888,aact_m
C00033,ac_c
C00033,ac_e
C00033,ac_g
C00033,ac_h
C00033,ac_m
C00033,ac_p
C00033,ac_s
C00033,ac_x
C03939,acACP_h
C03939,acACP_c
C03939,acACP_m
C00164,acac_p
C00164,acac_c
C00164,acac_e
C00164,acac_m
C00164,acac_x
C00084,acald_c
C00084,acald_e
C00084,acald_h
C00084,acald_m
C00084,acald_p
C00084,acald_r
C00084,acald_x
C06332,acanth_c
C00024,accoa_c
C00024,accoa_g
C00024,accoa_h
C00024,accoa_m
C00024,accoa_n
C00024,accoa_s
C00024,accoa_r
C00024,accoa_x
C05235,acetol_c
C04133,acg5p_c
C04133,acg5p_m
C01250,acg5sa_c
C01250,acg5sa_m
C00140,acgam_p
C00140,acgam_c
C00140,acgam_e
C00140,acgam_l
C04256;C04501,acgam1p_p;acgam1p_p
C04256;C04501,acgam1p_c;acgam1p_c
C04256;C04501,acgam1p_e;acgam1p_e
C00357,acgam6p_c
C02655,acglc__D_c
C00624,acglu_c
C00624,acglu_m
C02130,acmalt_c
C00645;C02711;C03136,acmana_p;acmana_p;acmana_p
C00645;C02711;C03136,acmana_c;acmana_c;acmana_c
C00645;C02711;C03136,acmana_e;acmana_e;acmana_e
C04257,acmanap_c
C16698,acmum6p_c
C00270;C19910,acnam_p;acnam_p
C00270;C19910,acnam_c;acnam_c
C00270;C19910,acnam_e;acnam_e
C00270;C19910,acnam_l;acnam_l
C00270;C19910,acnam_n;acnam_n
C00417,acon_C_p
C00417,acon_C_c
C00417,acon_C_e
C02341,acon_T_c
C11514,aconm_c
C00437,acorn_c
C00437,acorn_m
C00979,acser_p
C00979,acser_c
C00979,acser_e
C00979,acser_m
C00979,acser_h
C05744,actACP_h
C05744,actACP_c
C00227,actp_h
C00227,actp_c
C00227,actp_m
C00147,ade_p
C00147,ade_c
C00147,ade_e
C00147,ade_m
C00147,ade_l
C00212,adn_p
C00212,adn_c
C00212,adn_e
C00212,adn_m
C00212,adn_l
C06508,adocbi_c
C06509,adocbip_c
C00194,adocbl_p
C00194,adocbl_c
C00194,adocbl_e
C00194,adocbl_m
C00008,adp_c
C00008,adp_e
C00008,adp_g
C00008,adp_f
C00008,adp_h
C00008,adp_m
C00008,adp_n
C00008,adp_r
C00008,adp_v
C00008,adp_x
C00498,adpglc_h
C00498,adpglc_c
C06397,adphep_DD_c
C06398,adphep_LD_c
C00301;C01882,adprib_m;adprib_m
C00301;C01882,adprib_c;adprib_c
C00301;C01882,adprib_e;adprib_e
C06710,ag_c
C06710,ag_e
C06510,agdpcbi_c
C00179,agm_p
C00179,agm_c
C00179,agm_e
C00179,agm_m
C00179,agm_n
C00021,ahcys_c
C00021,ahcys_g
C00021,ahcys_h
C00021,ahcys_m
C00021,ahcys_n
C00021,ahcys_r
C04895,ahdt_c
C04895,ahdt_n
C04677,aicar_h
C04677,aicar_c
C03373,air_h
C03373,air_c
C00026,akg_c
C00026,akg_e
C00026,akg_h
C00026,akg_m
C00026,akg_n
C00026,akg_p
C00026,akg_r
C00026,akg_x
C00099,ala_B_p
C00099,ala_B_c
C00099,ala_B_e
C00099,ala_B_m
C00099,ala_B_h
C00133,ala__D_p
C00133,ala__D_c
C00133,ala__D_e
C00133,ala__D_l
C00133,ala__D_x
C00041,ala__L_c
C00041,ala__L_e
C00041,ala__L_m
C00041,ala__L_l
C00041,ala__L_p
C00041,ala__L_x
C00993,alaala_p
C00993,alaala_c
C00993,alaala_e
C06010,alac__S_m
C06010,alac__S_c
C06010,alac__S_e
C06010,alac__S_h
C00886,alatrna_c
C00886,alatrna_m
C01487,all__D_p
C01487,all__D_c
C01487,all__D_e
C02962,all6p_c
C01551,alltn_p
C01551,alltn_c
C01551,alltn_e
C01551,alltn_m
C00499,alltt_m
C00499,alltt_c
C00499,alltt_e
C00817,altrn_c
C00019,amet_c
C00019,amet_e
C00019,amet_g
C00019,amet_h
C00019,amet_m
C00019,amet_n
C00019,amet_r
C01137,ametam_h
C01137,ametam_c
C01137,ametam_m
C04425,amob_c
C00020,amp_c
C00020,amp_e
C00020,amp_g
C00020,amp_h
C00020,amp_m
C00020,amp_l
C00020,amp_n
C00020,amp_p
C00020,amp_r
C00020,amp_x
C00108,anth_h
C00108,anth_c
C01260,ap4a_c
C01260,ap4a_n
C04058,ap5a_c
C03688,apoACP_h
C03688,apoACP_c
C05771,appl_c
C00224,aps_h
C00224,aps_c
C00224,aps_m
C00224,aps_n
C01112,ara5p_c
C00259,arab__L_p
C00259,arab__L_c
C00259,arab__L_e
C06187,arbt6p_c
C05554,arbtn_fe3_p
C05554,arbtn_fe3_c
C05554,arbtn_fe3_e
C00062,arg__L_p
C00062,arg__L_c
C00062,arg__L_e
C00062,arg__L_m
C00062,arg__L_v
C03406,argsuc_c
C02163,argtrna_c
C02163,argtrna_m
C16186,ascb6p_c
C00152,asn__L_c
C00152,asn__L_e
C00152,asn__L_m
C00152,asn__L_p
C00152,asn__L_v
C00152,asn__L_x
C03402,asntrna_c
C03402,asntrna_m
C06697,aso3_p
C06697,aso3_c
C06697,aso3_e
C01478;C11215,aso4_p;aso4_p
C01478;C11215,aso4_c;aso4_c
C01478;C11215,aso4_e;aso4_e
C00049,asp__L_c
C00049,asp__L_e
C00049,asp__L_h
C00049,asp__L_m
C00049,asp__L_n
C00049,asp__L_p
C00049,asp__L_v
C00049,asp__L_x
C00441,aspsa_h
C00441,aspsa_c
C02984,asptrna_c
C02984,asptrna_m
C05519,athr__L_c
C00002,atp_c
C00002,atp_e
C00002,atp_g
C00002,atp_f
C00002,atp_h
C00002,atp_m
C00002,atp_n
C00002,atp_r
C00002,atp_v
C00002,atp_x
C00877,b2coa_x
C00877,b2coa_c
C00877,b2coa_m
C20749,bbtcoa_c
C00576,betald_c
C00576,betald_m
C01412,btal_h
C01412,btal_c
C00136,btcoa_x
C00136,btcoa_c
C00136,btcoa_m
C00136,btcoa_h
C00120,btn_p
C00120,btn_c
C00120,btn_e
C00120,btn_m
C00120,btn_n
C20386,btnso_c
C00246,but_p
C00246,but_c
C00246,but_e
C00246,but_m
C04246,but2eACP_h
C04246,but2eACP_c
C05745,butACP_h
C05745,butACP_c
C00076,ca2_p
C00076,ca2_c
C00076,ca2_e
C00575,camp_c
C00575,camp_e
C00575,camp_g
C00575,camp_n
C00438,cbasp_c
C00438,cbasp_m
C00438,cbasp_n
C05774,cbi_p
C05774,cbi_c
C05774,cbi_e
C00853,cbl1_p
C00853,cbl1_c
C00853,cbl1_e
C00853,cbl1_m
C01563,cbm_c
C00169,cbp_h
C00169,cbp_c
C00169,cbp_r
C00169,cbp_m
C00169,cbp_n
C01413,cd2_p
C01413,cd2_c
C01413,cd2_e
C20248,cdg_c
C00112,cdp_c
C00112,cdp_m
C00112,cdp_n
C11588,cechddd_c
C12622,cenchddd_c
C01419,cgly_p
C01419,cgly_c
C01419,cgly_e
C00114,chol_c
C00114,chol_e
C00114,chol_g
C00114,chol_m
C00114,chol_n
C00114,chol_p
C00114,chol_r
C00251,chor_h
C00251,chor_c
C00251,chor_e
C00423;C10438,cinnm_c;cinnm_c
C00158,cit_p
C00158,cit_c
C00158,cit_e
C00158,cit_m
C00158,cit_x
C00327,citr__L_m
C00327,citr__L_c
C00327,citr__L_e
C00327,citr__L_h
C04121,ckdo_c
C00698;C01327,cl_p;cl_p
C00698;C01327,cl_c;cl_c
C00698;C01327,cl_e;cl_e
C00055,cmp_c
C00055,cmp_e
C00055,cmp_g
C00055,cmp_h
C00055,cmp_m
C00055,cmp_l
C00055,cmp_n
C00055,cmp_p
C00011,co2_c
C00011,co2_e
C00011,co2_g
C00011,co2_h
C00011,co2_m
C00011,co2_n
C00011,co2_p
C00011,co2_r
C00011,co2_v
C00011,co2_x
C00010,coa_c
C00010,coa_e
C00010,coa_g
C00010,coa_h
C00010,coa_m
C00010,coa_l
C00010,coa_n
C00010,coa_s
C00010,coa_r
C00010,coa_x
C00175;C19171,cobalt2_p;cobalt2_p
C00175;C19171,cobalt2_c;cobalt2_c
C00175;C19171,cobalt2_e;cobalt2_e
C20239,cph4_c
C18239,cpmp_c
C03263,cpppg3_h
C03263,cpppg3_c
C00318,crn_c
C00318,crn_e
C00318,crn_m
C00318,crn_p
C00318,crn_r
C00318,crn_x
C15025,crn__D_p
C15025,crn__D_c
C15025,crn__D_e
C20750,crncoa_c
C00380,csn_p
C00380,csn_c
C00380,csn_e
C20748,ctbtcoa_c
C00063,ctp_h
C00063,ctp_c
C00063,ctp_m
C00063,ctp_n
C00070,cu2_p
C00070,cu2_c
C00070,cu2_e
C00070,cu2_u
C00177;C01326,cyan_p;cyan_p
C00177;C01326,cyan_c;cyan_c
C00177;C01326,cyan_e;cyan_e
C00177;C01326,cyan_m;cyan_m
C01417,cynt_p
C01417,cynt_c
C01417,cynt_e
C00793,cys__D_p
C00793,cys__D_c
C00793,cys__D_e
C00097,cys__L_p
C00097,cys__L_c
C00097,cys__L_e
C00097,cys__L_m
C00097,cys__L_h
C02291,cyst__L_x
C02291,cyst__L_c
C02291,cyst__L_e
C02291,cyst__L_h
C03125,cystrna_c
C00475;C02961,cytd_c;cytd_c
C00475;C02961,cytd_e;cytd_e
C00475;C02961,cytd_m;cytd_m
C00475;C02961,cytd_l;cytd_l
C00475;C02961,cytd_n;cytd_n
C00475;C02961,cytd_p;cytd_p
C00559,dad_2_p
C00559,dad_2_c
C00559,dad_2_e
C00559,dad_2_l
C05198,dad_5_c
C05198,dad_5_e
C00206,dadp_h
C00206,dadp_c
C00206,dadp_m
C00206,dadp_n
C00360,damp_c
C00360,damp_e
C00360,damp_h
C00360,damp_m
C00360,damp_l
C00360,damp_p
C01037,dann_c
C01037,dann_e
C00131,datp_c
C00131,datp_m
C00131,datp_n
C15556,db4p_h
C15556,db4p_c
C05275,dc2coa_x
C05275,dc2coa_c
C05275,dc2coa_m
C01571,dca_p
C01571,dca_c
C01571,dca_h
C01571,dca_e
C01571,dca_x
C05755,dcaACP_h
C05755,dcaACP_c
C05755,dcaACP_m
C05274,dcacoa_x
C05274,dcacoa_c
C05274,dcacoa_m
C03794,dcamp_h
C03794,dcamp_c
C00705,dcdp_c
C00705,dcdp_m
C00705,dcdp_n
C00239,dcmp_c
C00239,dcmp_e
C00239,dcmp_m
C00239,dcmp_l
C00239,dcmp_n
C00239,dcmp_p
C00458,dctp_c
C00458,dctp_m
C00458,dctp_n
C00881,dcyt_c
C00881,dcyt_e
C00881,dcyt_m
C00881,dcyt_l
C00881,dcyt_n
C00881,dcyt_p
C03221,dd2coa_x
C03221,dd2coa_c
C03221,dd2coa_m
C02679,ddca_p
C02679,ddca_c
C02679,ddca_h
C02679,ddca_e
C02679,ddca_x
C05223,ddcaACP_h
C05223,ddcaACP_c
C05223,ddcaACP_m
C01832,ddcacoa_x
C01832,ddcacoa_c
C01832,ddcacoa_m
C00361,dgdp_c
C00361,dgdp_m
C00361,dgdp_n
C00362,dgmp_p
C00362,dgmp_c
C00362,dgmp_e
C00362,dgmp_m
C00362,dgmp_l
C18870,dgslnt_c
C00330,dgsn_p
C00330,dgsn_c
C00330,dgsn_e
C00330,dgsn_m
C00330,dgsn_l
C00286,dgtp_c
C00286,dgtp_m
C00286,dgtp_n
C00184,dha_p
C00184,dha_c
C00184,dha_e
C00111,dhap_x
C00111,dhap_c
C00111,dhap_f
C00111,dhap_m
C00111,dhap_h
C12623,dhcinnm_c
C00415,dhf_m
C00415,dhf_c
C00415,dhf_e
C00415,dhf_l
C15809,dhgly_c
C03657,dhna_c
C04874,dhnpt_c
C04874,dhnpt_m
C00337,dhor__S_c
C00337,dhor__S_m
C00337,dhor__S_n
C05925,dhpmp_c
C04044,dhpppn_c
C00921,dhpt_c
C00921,dhpt_m
C11838,dhptd_c
C05649,dhptdn_c
C01344,didp_c
C01344,didp_m
C01344,didp_n
C06196,dimp_p
C06196,dimp_c
C06196,dimp_e
C05512,din_p
C05512,din_c
C05512,din_e
C01345,ditp_c
C01345,ditp_m
C01345,ditp_n
C03114,dmbzid_c
C04332,dmlz_h
C04332,dmlz_c
C00235,dmpp_x
C00235,dmpp_c
C00235,dmpp_h
C00580,dms_p
C00580,dms_c
C00580,dms_e
C11143,dmso_p
C11143,dmso_c
C11143,dmso_e
C00857,dnad_h
C00857,dnad_c
C00857,dnad_m
C00857,dnad_n
C00882,dpcoa_c
C00882,dpcoa_m
C00882,dpcoa_l
C02463,dscl_h
C02463,dscl_c
C01909,dtbt_c
C00363,dtdp_c
C00363,dtdp_m
C00363,dtdp_n
C04346,dtdp4addg_c
C11907,dtdp4d6dg_c
C00688,dtdp4d6dm_c
C00842,dtdpglu_c
C03319,dtdprmn_c
C00364,dtmp_p
C00364,dtmp_c
C00364,dtmp_e
C00364,dtmp_m
C00364,dtmp_l
C00459,dttp_m
C00459,dttp_c
C00459,dttp_e
C00459,dttp_n
C01346,dudp_c
C01346,dudp_m
C01346,dudp_n
C00365,dump_p
C00365,dump_c
C00365,dump_e
C00365,dump_m
C00365,dump_n
C00526,duri_p
C00526,duri_c
C00526,duri_e
C00526,duri_m
C00526,duri_n
C00460,dutp_c
C00460,dutp_m
C00460,dutp_n
C06257,dxyl_p
C06257,dxyl_c
C06257,dxyl_e
C11437,dxyl5p_h
C11437,dxyl5p_c
C00279;C03109,e4p_h;e4p_h
C00279;C03109,e4p_c;e4p_c
C00279;C03109,e4p_m;e4p_m
C20374,egmeACP_c
C04666,eig3p_h
C04666,eig3p_c
C05821,enter_p
C05821,enter_c
C05821,enter_e
C20378,epmeACP_c
C00189,etha_p
C00189,etha_c
C00189,etha_e
C00469,etoh_c
C00469,etoh_e
C00469,etoh_h
C00469,etoh_m
C00469,etoh_p
C00469,etoh_x
C00085,f6p_p
C00085,f6p_c
C00085,f6p_e
C00016,fad_x
C00016,fad_c
C00016,fad_r
C00016,fad_m
C00016,fad_h
C01352,fadh2_x
C01352,fadh2_c
C01352,fadh2_r
C01352,fadh2_m
C01352,fadh2_h
C00067,fald_c
C00067,fald_e
C00067,fald_m
C00067,fald_l
C00067,fald_p
C00067,fald_x
C01099,fc1p_c
C01721,fcl__L_c
C00354,fdp_c
C14818,fe2_p
C14818,fe2_c
C14818,fe2_e
C14818,fe2_m
C14818,fe2_h
C14819,fe3_p
C14819,fe3_c
C14819,fe3_e
C14819,fe3_h
C06227,fe3hox_p
C06227,fe3hox_c
C06227,fe3hox_e
C06228,fecrm_p
C06228,fecrm_c
C06228,fecrm_e
C06230,feenter_p
C06230,feenter_c
C06230,feenter_e
C07597,feoxam_p
C07597,feoxam_c
C07597,feoxam_e
C04376,fgam_h
C04376,fgam_c
C04376,fgam_m
C03294,fmettrna_c
C03294,fmettrna_m
C00061,fmn_m
C00061,fmn_c
C00061,fmn_e
C01847,fmnh2_c
C00058,for_c
C00058,for_e
C00058,for_h
C00058,for_m
C00058,for_n
C00058,for_p
C00058,for_r
C00058,for_x
C00798,forcoa_c
C04640,fpram_h
C04640,fpram_c
C04734,fprica_c
C00448,frdp_x
C00448,frdp_c
C00448,frdp_r
C00448,frdp_m
C00448,frdp_h
C00095;C01496;C10906,fru_p;fru_p;fru_p
C00095;C01496;C10906,fru_c;fru_c;fru_c
C00095;C01496;C10906,fru_e;fru_e;fru_e
C16488,frulys_p
C16488,frulys_c
C16488,frulys_e
C00905,fruur_p
C00905,fruur_c
C00905,fruur_e
C01019,fuc__L_p
C01019,fuc__L_c
C01019,fuc__L_e
C01019,fuc__L_l
C00122,fum_p
C00122,fum_c
C00122,fum_e
C00122,fum_m
C00122,fum_h
C00103,g1p_p
C00103,g1p_c
C00103,g1p_e
C00103,g1p_h
C00118;C00661,g3p_h;g3p_h
C00118;C00661,g3p_c;g3p_c
C00118;C00661,g3p_m;g3p_m
C00118;C00661,g3p_f;g3p_f
C00670,g3pc_p
C00670,g3pc_c
C00670,g3pc_e
C00168,hpyr_x
C00168,hpyr_c
C00168,hpyr_m
C01233,g3pe_p
C01233,g3pe_c
C01233,g3pe_e
C03274,g3pg_p
C03274,g3pg_c
C03274,g3pg_e
C01225,g3pi_p
C01225,g3pi_c
C01225,g3pi_e
C00092,g6p_p
C00092,g6p_c
C00092,g6p_r
C00092,g6p_e
C00124,gal_c
C00124,gal_e
C00124,gal_h
C00124,gal_l
C00124,gal_n
C00124,gal_p
C00446;C03384,gal1p_p;gal1p_p
C00446;C03384,gal1p_c;gal1p_c
C00446;C03384,gal1p_e;gal1p_e
C00446;C03384,gal1p_h;gal1p_h
C00879,galct__D_p
C00879,galct__D_c
C00879,galct__D_e
C00880,galctn__D_p
C00880,galctn__D_c
C00880,galctn__D_e
C00880,galctn__D_n
C15930,galctn__L_p
C15930,galctn__L_c
C15930,galctn__L_e
C06311,galt1p_c
C03783;C06156,gam1p_c;gam1p_c
C00352,gam6p_p
C00352,gam6p_c
C00352,gam6p_e
C03838,gar_h
C03838,gar_c
C03838,gar_m
C01181,gbbtn_p
C01181,gbbtn_c
C01181,gbbtn_e
C00266,gcald_m
C00266,gcald_c
C00266,gcald_e
C00035,gdp_c
C00035,gdp_e
C00035,gdp_g
C00035,gdp_h
C00035,gdp_m
C00035,gdp_n
C00035,gdp_p
C01222,gdpddman_c
C00325,gdpfuc_c
C00325,gdpfuc_g
C00096,gdpmann_c
C00096,gdpmann_g
C14830,gdpofuc_c
C04494,gdptp_c
C15767,gg4abut_c
C15700,ggbutal_c
C15699,ggptrc_c
C00989;C01991,ghb_c;ghb_c
C00031,glc__D_c
C00031,glc__D_e
C00031,glc__D_g
C00031,glc__D_l
C00031,glc__D_p
C00031,glc__D_r
C00031,glc__D_v
C00257,glcn_p
C00257,glcn_c
C00257,glcn_e
C00257,glcn_h
C00818,glcr_p
C00818,glcr_c
C00818,glcr_e
C00818,glcr_m
C00191,glcur_p
C00191,glcur_c
C00191,glcur_r
C00191,glcur_e
C00191,glcur_l
C00064,gln__L_c
C00064,gln__L_e
C00064,gln__L_h
C00064,gln__L_m
C00064,gln__L_n
C00064,gln__L_p
C00064,gln__L_v
C02282,glntrna_c
C00217,glu__D_c
C00217,glu__D_e
C00025,glu__L_c
C00025,glu__L_e
C00025,glu__L_h
C00025,glu__L_m
C00025,glu__L_l
C00025,glu__L_n
C00025,glu__L_p
C00025,glu__L_r
C00025,glu__L_v
C00025,glu__L_x
C03741,glu1sa_h
C03741,glu1sa_c
C03287,glu5p_x
C03287,glu5p_c
C03287,glu5p_m
C01165,glu5sa_x
C01165,glu5sa_c
C01165,glu5sa_m
C00669,glucys_h
C00669,glucys_c
C02987,glutrna_h
C02987,glutrna_c
C02987,glutrna_m
C00048,glx_m
C00048,glx_c
C00048,glx_h
C00048,glx_e
C00048,glx_x
C00037,gly_c
C00037,gly_e
C00037,gly_h
C00037,gly_m
C00037,gly_l
C00037,gly_p
C00037,gly_x
C00577,glyald_p
C00577,glyald_c
C00577,glyald_e
C00577,glyald_h
C00719,glyb_p
C00719,glyb_c
C00719,glyb_e
C00719,glyb_m
C00116,glyc_p
C00116,glyc_c
C00116,glyc_e
C00116,glyc_m
C00116,glyc_h
C00258,glyc__R_p
C00258,glyc__R_c
C00258,glyc__R_e
C00258,glyc__R_m
C00258,glyc__R_h
C02979,glyc2p_p
C02979,glyc2p_c
C02979,glyc2p_e
C00093,glyc3p_p
C00093,glyc3p_c
C00093,glyc3p_e
C00093,glyc3p_m
C00093,glyc3p_h
C00160,glyclt_c
C00160,glyclt_e
C00160,glyclt_h
C00160,glyclt_m
C00160,glyclt_p
C00160,glyclt_x
C00182,glycogen_c
C00182,glycogen_e
C00182,glycogen_v
C02412,glytrna_c
C02412,glytrna_m
C20375,gmeACP_c
C07838,gmhep1p_c
C07836;C19882,gmhep7p_c;gmhep7p_c
C00144,gmp_c
C00144,gmp_e
C00144,gmp_g
C00144,gmp_m
C00144,gmp_l
C00144,gmp_n
C00144,gmp_p
C01261,gp4g_c
C00341,grdp_x
C00341,grdp_c
C00341,grdp_h
C00387,gsn_p
C00387,gsn_c
C00387,gsn_e
C00387,gsn_m
C00387,gsn_l
C00127,gthox_c
C00127,gthox_e
C00127,gthox_h
C00127,gthox_m
C00127,gthox_p
C00127,gthox_u
C00044,gtp_c
C00044,gtp_e
C00044,gtp_h
C00044,gtp_m
C00044,gtp_n
C00044,gtp_p
C05730,gtspmd_c
C00242,gua_p
C00242,gua_c
C00242,gua_e
C00242,gua_m
C00080,h_c
C00080,h_e
C00080,h_g
C00080,h_f
C00080,h_h
C00080,h_m
C00080,h_l
C00080,h_n
C00080,h_p
C00080,h_s
C00080,h_r
C00080,h_u
C00080,h_v
C00080,h_x
C00282,h2_p
C00282,h2_c
C00282,h2_e
C00282,h2_m
C00282,h2_h
C11811,h2mb4p_h
C11811,h2mb4p_c
C00001;C01328,h2o_c;h2o_c
C00001;C01328,h2o_e;h2o_e
C00001;C01328,h2o_g;h2o_g
C00001;C01328,h2o_f;h2o_f
C00001;C01328,h2o_h;h2o_h
C00001;C01328,h2o_m;h2o_m
C00001;C01328,h2o_l;h2o_l
C00001;C01328,h2o_n;h2o_n
C00001;C01328,h2o_p;h2o_p
C00001;C01328,h2o_s;h2o_s
C00001;C01328,h2o_r;h2o_r
C00001;C01328,h2o_u;h2o_u
C00001;C01328,h2o_v;h2o_v
C00001;C01328,h2o_x;h2o_x
C00027,h2o2_c
C00027,h2o2_e
C00027,h2o2_h
C00027,h2o2_m
C00027,h2o2_l
C00027,h2o2_n
C00027,h2o2_p
C00027,h2o2_x
C00283,h2s_p
C00283,h2s_c
C00283,h2s_e
C00283,h2s_h
C00288;C01353,hco3_c;hco3_c
C00288;C01353,hco3_e;hco3_e
C00288;C01353,hco3_h;hco3_h
C00288;C01353,hco3_m;hco3_m
C00288;C01353,hco3_n;hco3_n
C00288;C01353,hco3_p;hco3_p
C00155,hcys__L_m
C00155,hcys__L_c
C00155,hcys__L_h
C00155,hcys__L_e
C00155,hcys__L_x
C00249,hdca_c
C00249,hdca_e
C00249,hdca_h
C00249,hdca_p
C00249,hdca_s
C00249,hdca_r
C00249,hdca_x
C08362,hdcea_p
C08362,hdcea_c
C08362,hdcea_h
C08362,hdcea_e
C08362,hdcea_x
C05272,hdd2coa_x
C05272,hdd2coa_c
C05272,hdd2coa_m
C15672,hemeO_c
C15672,hemeO_m
C05749,hexACP_h
C05749,hexACP_c
C00703,hg2_p
C00703,hg2_c
C00703,hg2_e
C20373,hgmeACP_c
C00135,his__L_c
C00135,his__L_e
C00135,his__L_h
C00135,his__L_m
C00135,his__L_p
C00135,his__L_v
C01100,hisp_h
C01100,hisp_c
C00860,histd_h
C00860,histd_c
C02988,histrna_c
C02988,histrna_m
C04479,hkndd_c
C12624,hkntd_c
C01024,hmbil_h
C01024,hmbil_c
C00263,hom__L_p
C00263,hom__L_c
C00263,hom__L_e
C00263,hom__L_h
C20377,hpmeACP_c
C15603,hqn_c
C15603,hqn_e
C05271,hx2coa_x
C05271,hx2coa_c
C05271,hx2coa_m
C01585,hxa_p
C01585,hxa_c
C01585,hxa_e
C00262,hxan_p
C00262,hxan_c
C00262,hxan_e
C00262,hxan_l
C00262,hxan_x
C05270,hxcoa_x
C05270,hxcoa_c
C05270,hxcoa_m
C05840,iasp_c
C00885,ichor_c
C00311,icit_c
C00311,icit_e
C00311,icit_h
C00311,icit_m
C00311,icit_p
C00311,icit_x
C00770,idon__L_p
C00770,idon__L_c
C00770,idon__L_e
C00104,idp_m
C00104,idp_c
C00104,idp_e
C00104,idp_n
C00407,ile__L_c
C00407,ile__L_e
C00407,ile__L_h
C00407,ile__L_m
C00407,ile__L_p
C00407,ile__L_v
C03127,iletrna_c
C03127,iletrna_m
C01267,imacp_h
C01267,imacp_c
C00130,imp_p
C00130,imp_c
C00130,imp_e
C00130,imp_m
C00130,imp_h
C00463,indole_p
C00463,indole_c
C00463,indole_e
C00463,indole_h
C00137;C06151;C06152;C19891,inost_p;inost_p;inost_p;inost_p
C00137;C06151;C06152;C19891,inost_c;inost_c;inost_c;inost_c
C00137;C06151;C06152;C19891,inost_e;inost_e;inost_e;inost_e
C00137;C06151;C06152;C19891,inost_h;inost_h;inost_h;inost_h
C00294,ins_p
C00294,ins_c
C00294,ins_e
C00294,ins_m
C00294,ins_l
C00129,ipdp_x
C00129,ipdp_c
C00129,ipdp_r
C00129,ipdp_m
C00129,ipdp_h
C05123,isetac_p
C05123,isetac_c
C05123,isetac_e
C00081,itp_c
C00081,itp_m
C00081,itp_n
C00238,k_p
C00238,k_c
C00238,k_e
C00238,k_g
C01187,kdo_c
C06025,kdo2lipid4_p
C06025,kdo2lipid4_c
C06025,kdo2lipid4_e
C06251,kdo2lipid4L_c
C04478,kdo8p_c
C06024,kdolipid4_c
C00256,lac__D_p
C00256,lac__D_c
C00256,lac__D_e
C00256,lac__D_m
C00186,lac__L_c
C00186,lac__L_e
C00186,lac__L_h
C00186,lac__L_m
C00186,lac__L_p
C00186,lac__L_x
C00937,lald__D_c
C00937,lald__D_m
C00424;C05999,lald__L_c;lald__L_c
C00424;C05999,lald__L_m;lald__L_m
C00243,lcts_c
C00243,lcts_e
C00243,lcts_g
C00243,lcts_h
C00243,lcts_l
C00243,lcts_p
C00123,leu__L_c
C00123,leu__L_e
C00123,leu__L_h
C00123,leu__L_m
C00123,leu__L_p
C00123,leu__L_v
C02047,leutrna_c
C02047,leutrna_m
C03451,lgt__S_c
C03451,lgt__S_m
C06026,lipa_p
C06026,lipa_c
C06026,lipa_e
C04919,lipidA_c
C04932,lipidAds_c
C16238,lipoamp_c
C00725;C16241,lipoate_p;lipoate_p
C00725;C16241,lipoate_c;lipoate_c
C00725;C16241,lipoate_e;lipoate_e
C00047,lys__L_c
C00047,lys__L_e
C00047,lys__L_m
C00047,lys__L_n
C00047,lys__L_p
C00047,lys__L_v
C00047,lys__L_x
C01931,lystrna_c
C01931,lystrna_m
C01508,lyx__L_p
C01508,lyx__L_c
C01508,lyx__L_e
C00497,mal__D_p
C00497,mal__D_c
C00497,mal__D_e
C00149,mal__L_c
C00149,mal__L_e
C00149,mal__L_f
C00149,mal__L_h
C00149,mal__L_m
C00149,mal__L_p
C00149,mal__L_x
C01209,malACP_h
C01209,malACP_c
C01209,malACP_m
C00083,malcoa_x
C00083,malcoa_c
C00083,malcoa_m
C00083,malcoa_h
C00208,malt_p
C00208,malt_c
C00208,malt_e
C00208,malt_l
C02995;C05737,malt6p_c;malt6p_c
C06216,malthp_c
C06216,malthp_e
C01936,malthx_p
C01936,malthx_c
C01936,malthx_e
C06218,maltpt_p
C06218,maltpt_c
C06218,maltpt_e
C01835,malttr_p
C01835,malttr_c
C01835,malttr_e
C01835,malttr_l
C02013;C02052,maltttr_p;maltttr_p
C02013;C02052,maltttr_c;maltttr_c
C02013;C02052,maltttr_e;maltttr_e
C00159,man_c
C00159,man_e
C00159,man_g
C00159,man_h
C00159,man_l
C00159,man_p
C00159,man_r
C00636,man1p_c
C00636,man1p_e
C00275,man6p_p
C00275,man6p_c
C00275,man6p_e
C00275,man6p_h
C16699,man6pglyc_c
C00514,mana_c
C05402,melib_p
C05402,melib_c
C05402,melib_e
C05402,melib_h
C00132,meoh_p
C00132,meoh_c
C00132,meoh_r
C00132,meoh_e
C00132,meoh_l
C00957,mercppyr_h
C00957,mercppyr_c
C00957,mercppyr_m
C00855,met__D_p
C00855,met__D_c
C00855,met__D_e
C00073,met__L_p
C00073,met__L_c
C00073,met__L_e
C00073,met__L_m
C00445,methf_x
C00445,methf_c
C00445,methf_m
C00445,methf_h
C02989;C15998;C15999,metsox_S__L_p;metsox_S__L_p;metsox_S__L_p
C02989;C15998;C15999,metsox_S__L_c;metsox_S__L_c;metsox_S__L_c
C02989;C15998;C15999,metsox_S__L_e;metsox_S__L_e;metsox_S__L_e
C02430,mettrna_c
C02430,mettrna_m
C00305,mg2_p
C00305,mg2_c
C00305,mg2_e
C00305,mg2_u
C00305,mg2_h
C01177,mi1p__D_c
C01177,mi1p__D_n
C04593,micit_c
C04593,micit_m
C00143,mlthf_c
C00143,mlthf_m
C00683;C02557,mmcoa__S_x;mmcoa__S_x
C00683;C02557,mmcoa__S_c;mmcoa__S_c
C00683;C02557,mmcoa__S_m;mmcoa__S_m
C03172,mmet_p
C03172,mmet_c
C03172,mmet_e
C00034;C19610,mn2_p;mn2_p
C00034;C19610,mn2_c;mn2_c
C00034;C19610,mn2_e;mn2_e
C00644,mnl1p_c
C06232,mobd_p
C06232,mobd_c
C06232,mobd_e
C19928,mocogdp_c
C19848,mptamp_c
C00222;C12069,msa_c;msa_c
C00222;C12069,msa_m;msa_m
C11145,mso3_p
C11145,mso3_c
C11145,mso3_e
C00546,mthgxl_x
C00546,mthgxl_c
C00546,mthgxl_e
C05761,myrsACP_h
C05761,myrsACP_c
C05761,myrsACP_m
C00887,n2o_p
C00887,n2o_c
C00887,n2o_e
C01029,n8aspmd_c
C01330,na1_c
C01330,na1_e
C01330,na1_g
C01330,na1_h
C01330,na1_m
C01330,na1_p
C01330,na1_x
C16565,na15dap_c
C00253,nac_p
C00253,nac_c
C00253,nac_e
C00253,nac_m
C00003,nad_c
C00003,nad_e
C00003,nad_f
C00003,nad_h
C00003,nad_m
C00003,nad_n
C00003,nad_s
C00003,nad_r
C00003,nad_x
C00004,nadh_c
C00004,nadh_f
C00004,nadh_h
C00004,nadh_m
C00004,nadh_s
C00004,nadh_r
C00004,nadh_x
C00006,nadp_c
C00006,nadp_e
C00006,nadp_f
C00006,nadp_h
C00006,nadp_m
C00006,nadp_n
C00006,nadp_s
C00006,nadp_r
C00006,nadp_u
C00006,nadp_x
C00005,nadph_c
C00005,nadph_f
C00005,nadph_h
C00005,nadph_m
C00005,nadph_n
C00005,nadph_s
C00005,nadph_r
C00005,nadph_u
C00005,nadph_x
C00153,ncam_m
C00153,ncam_c
C00153,ncam_e
C00291;C19609,ni2_p;ni2_p
C00291;C19609,ni2_c;ni2_c
C00291;C19609,ni2_e;ni2_e
C01185,nicrnt_c
C01185,nicrnt_m
C01185,nicrnt_n
C00455,nmn_c
C00455,nmn_e
C00455,nmn_m
C00455,nmn_n
C00455,nmn_p
C00455,nmn_x
C00533,no_p
C00533,no_c
C00533,no_e
C00533,no_h
C00088,no2_p
C00088,no2_c
C00088,no2_e
C00088,no2_h
C00244,no3_p
C00244,no3_c
C00244,no3_e
C00007,o2_c
C00007,o2_e
C00007,o2_h
C00007,o2_m
C00007,o2_n
C00007,o2_p
C00007,o2_r
C00007,o2_u
C00007,o2_x
C00704,o2s_c
C00704,o2s_e
C00704,o2s_m
C00704,o2s_n
C00704,o2s_p
C00704,o2s_x
C00036;C03981,oaa_c;oaa_c
C00036;C03981,oaa_e;oaa_e
C00036;C03981,oaa_f;oaa_f
C00036;C03981,oaa_h;oaa_h
C00036;C03981,oaa_m;oaa_m
C00036;C03981,oaa_p;oaa_p
C00036;C03981,oaa_x;oaa_x
C05276,oc2coa_x
C05276,oc2coa_c
C05276,oc2coa_m
C05752,ocACP_h
C05752,ocACP_c
C05752,ocACP_m
C01944,occoa_x
C01944,occoa_c
C01944,occoa_m
C01530,ocdca_p
C01530,ocdca_c
C01530,ocdca_h
C01530,ocdca_e
C01530,ocdca_x
C00712,ocdcea_p
C00712,ocdcea_c
C00712,ocdcea_e
C00712,ocdcea_h
C06423,octa_p
C06423,octa_c
C06423,octa_h
C06423,octa_e
C06423,octa_x
C04146,octdp_c
C01203,octeACP_h
C01203,octeACP_c
C01203,octeACP_m
C16218,od2coa_x
C16218,od2coa_c
C16218,od2coa_m
C06054,ohpb_c
C00596,op4en_c
C00077;C01602,orn_p;orn_p
C00077;C01602,orn_c;orn_c
C00077;C01602,orn_e;orn_e
C00077;C01602,orn_m;orn_m
C00077;C01602,orn_h;orn_h
C00295,orot_p
C00295,orot_c
C00295,orot_e
C00295,orot_m
C01103,orot5p_c
C00209,oxa_p
C00209,oxa_c
C00209,oxa_e
C00209,oxa_m
C00209,oxa_x
C02232,oxadpcoa_c
C00313,oxalcoa_c
C01444,oxam_c
C00802,oxur_c
C00548;C07086;C15583,pac_p;pac_p;pac_p
C00548;C07086;C15583,pac_c;pac_c;pac_c
C00548;C07086;C15583,pac_e;pac_e;pac_e
C00601,pacald_p
C00601,pacald_c
C00601,pacald_e
C00601,pacald_m
C01134,pan4p_x
C01134,pan4p_c
C01134,pan4p_m
C00522,pant__R_c
C00522,pant__R_m
C00522,pant__R_n
C00054,pap_c
C00054,pap_e
C00054,pap_g
C00054,pap_h
C00054,pap_m
C00054,pap_x
C00053,paps_h
C00053,paps_c
C00053,paps_m
C00053,paps_g
C00627,pdx5p_c
C00074,pep_c
C00074,pep_e
C00074,pep_f
C00074,pep_h
C00074,pep_m
C00074,pep_p
C00582,phaccoa_c
C00079,phe__L_p
C00079,phe__L_c
C00079,phe__L_e
C00079,phe__L_m
C00079,phe__L_h
C00032,pheme_p
C00032,pheme_c
C00032,pheme_e
C00032,pheme_m
C00032,pheme_h
C03511,phetrna_c
C03511,phetrna_m
C01102,phom_h
C01102,phom_c
C00166;C02763,phpyr_h;phpyr_h
C00166;C02763,phpyr_c;phpyr_c
C00166;C02763,phpyr_m;phpyr_m
C06055,phthr_c
C00009,pi_c
C00009,pi_e
C00009,pi_g
C00009,pi_f
C00009,pi_h
C00009,pi_m
C00009,pi_l
C00009,pi_n
C00009,pi_p
C00009,pi_r
C00009,pi_v
C00009,pi_x
C19845,pimACP_c
C19846,pmeACP_c
C00154,pmtcoa_x
C00154,pmtcoa_c
C00154,pmtcoa_m
C00154,pmtcoa_s
C00154,pmtcoa_h
C00864,pnto__R_p
C00864,pnto__R_c
C00864,pnto__R_e
C00864,pnto__R_m
C20249,poaac_c
C00163,ppa_p
C00163,ppa_c
C00163,ppa_e
C00163,ppa_m
C00163,ppa_h
C00479,ppal_p
C00479,ppal_c
C00479,ppal_e
C02876,ppap_h
C02876,ppap_c
C02876,ppap_m
C00931,ppbng_h
C00931,ppbng_c
C00100,ppcoa_x
C00100,ppcoa_c
C00100,ppcoa_h
C00100,ppcoa_m
C00100,ppcoa_n
C01228,ppgpp_c
C00254,pphn_h
C00254,pphn_c
C00013,ppi_c
C00013,ppi_e
C00013,ppi_h
C00013,ppi_m
C00013,ppi_n
C00013,ppi_r
C00013,ppi_u
C00013,ppi_x
C02191,ppp9_h
C02191,ppp9_c
C02191,ppp9_m
C01079,pppg9_h
C01079,pppg9_c
C01079,pppg9_m
C00536,pppi_c
C00536,pppi_m
C00536,pppi_n
C05629,pppn_p
C05629,pppn_c
C05629,pppn_e
C03090,pram_h
C03090,pram_c
C04302,pran_h
C04302,pran_c
C02741,prbamp_h
C02741,prbamp_c
C02739,prbatp_h
C02739,prbatp_c
C15996,preq0_c
C16675,preq1_c
C04896,prfp_h
C04896,prfp_c
C04916,prlp_h
C04916,prlp_c
C00148,pro__L_c
C00148,pro__L_e
C00148,pro__L_m
C00148,pro__L_l
C00148,pro__L_p
C00148,pro__L_r
C02702,protrna_c
C00119,prpp_h
C00119,prpp_c
C00119,prpp_m
C01005,pser__L_p
C01005,pser__L_c
C01005,pser__L_e
C01005,pser__L_h
C00134,ptrc_p
C00134,ptrc_c
C00134,ptrc_e
C00134,ptrc_m
C00134,ptrc_h
C00647,pyam5p_c
C00647,pyam5p_m
C00534,pydam_p
C00534,pydam_c
C00534,pydam_e
C00250,pydx_p
C00250,pydx_c
C00250,pydx_e
C00018,pydx5p_c
C00018,pydx5p_m
C00314,pydxn_p
C00314,pydxn_c
C00314,pydxn_e
C00022,pyr_c
C00022,pyr_e
C00022,pyr_f
C00022,pyr_h
C00022,pyr_m
C00022,pyr_p
C00022,pyr_x
C17569,q8_c
C17569,q8_m
C00296,quin_p
C00296,quin_c
C00296,quin_e
C03722,quln_c
C03722,quln_m
C01151,r15bp_c
C00620,r1p_h
C00620,r1p_c
C00620,r1p_m
C03736,r5p_p
C03736,r5p_c
C03736,r5p_e
C03736,r5p_m
C03736,r5p_h
C01007,rbflvrd_c
C00310;C00508,rbl__L_c;rbl__L_c
C05775,rdmbzi_c
C03539,rhcys_c
C00121,rib__D_p
C00121,rib__D_c
C00121,rib__D_e
C00255,ribflv_m
C00255,ribflv_c
C00255,ribflv_e
C00255,ribflv_h
C00861,rml_c
C01131,rml1p_c
C00507,rmn_p
C00507,rmn_c
C00507,rmn_e
C00199,ru5p__D_h
C00199,ru5p__D_c
C00199,ru5p__D_r
C01101,ru5p__L_c
C00447,s17bp_h
C00447,s17bp_c
C05382;C20956,s7p_h;s7p_h
C05382;C20956,s7p_c;s7p_c
C00213,sarcs_m
C00213,sarcs_c
C00213,sarcs_e
C00213,sarcs_x
C01096,sbt6p_c
C03160,sbzcoa_c
C05778,scl_h
C05778,scl_c
C06482,sectrna_c
C06482,sectrna_m
C05697,sel_p
C05697,sel_c
C05697,sel_e
C01528,seln_h
C01528,seln_c
C01528,seln_m
C05172,selnp_c
C05172,selnp_m
C00740,ser__D_p
C00740,ser__D_c
C00740,ser__D_e
C00065,ser__L_c
C00065,ser__L_e
C00065,ser__L_h
C00065,ser__L_m
C00065,ser__L_p
C00065,ser__L_x
C05820,seramp_c
C02553,sertrna_c
C06481,sertrna_sec_c
C06481,sertrna_sec_m
C00748,sheme_h
C00748,sheme_c
C00493,skm_p
C00493,skm_c
C00493,skm_e
C00493,skm_h
C03175,skm5p_h
C03175,skm5p_c
C04421,sl26da_c
C04462;C05537,sl2a6o_c;sl2a6o_c
C05684,slnt_p
C05684,slnt_c
C05684,slnt_e
C09306,so2_p
C09306,so2_c
C09306,so2_e
C00094;C11481,so3_p;so3_p
C00094;C11481,so3_c;so3_c
C00094;C11481,so3_e;so3_e
C00094;C11481,so3_m;so3_m
C00059,so4_c
C00059,so4_e
C00059,so4_m
C00059,so4_l
C00059,so4_n
C00059,so4_p
C00059,so4_r
C00315,spmd_p
C00315,spmd_c
C00315,spmd_e
C00315,spmd_m
C00315,spmd_h
C00412,stcoa_x
C00412,stcoa_c
C00412,stcoa_m
C02591;C16688,suc6p_c;suc6p_c
C03296,sucarg_c
C02730,sucbz_c
C00042,succ_c
C00042,succ_e
C00042,succ_h
C00042,succ_m
C00042,succ_p
C00042,succ_r
C00042,succ_x
C00091,succoa_c
C00091,succoa_m
C05931,sucglu_c
C05932,sucgsa_c
C01118,suchms_h
C01118,suchms_c
C03415,sucorn_c
C00232,sucsal_h
C00232,sucsal_c
C00232,sucsal_m
C14179,sulfac_p
C14179,sulfac_c
C14179,sulfac_e
C01097,tag6p__D_c
C03785,tagdp__D_c
C00558,tagur_c
C02107,tartr__D_p
C02107,tartr__D_c
C02107,tartr__D_e
C00898,tartr__L_p
C00898,tartr__L_c
C00898,tartr__L_e
C00245,taur_p
C00245,taur_c
C00245,taur_e
C00245,taur_x
C01755,tcynt_p
C01755,tcynt_c
C01755,tcynt_e
C01755,tcynt_m
C05273,td2coa_x
C05273,td2coa_c
C05273,td2coa_m
C02593,tdcoa_x
C02593,tdcoa_c
C02593,tdcoa_m
C05758,tddec2eACP_h
C05758,tddec2eACP_c
C05754,tdec2eACP_h
C05754,tdec2eACP_c
C03972,thdp_c
C05748,thex2eACP_h
C05748,thex2eACP_c
C00101,thf_m
C00101,thf_c
C00101,thf_e
C00101,thf_l
C00101,thf_h
C00378,thm_p
C00378,thm_c
C00378,thm_e
C00378,thm_m
C01081,thmmp_m
C01081,thmmp_c
C01081,thmmp_e
C00068,thmpp_m
C00068,thmpp_c
C00068,thmpp_e
C00068,thmpp_h
C05650,thptdn_c
C00188,thr__L_p
C00188,thr__L_c
C00188,thr__L_e
C00188,thr__L_m
C00188,thr__L_h
C02992,thrtrna_c
C02992,thrtrna_m
C00178,thym_p
C00178,thym_c
C00178,thym_e
C00214,thymd_p
C00214,thymd_c
C00214,thymd_e
C00214,thymd_m
C00214,thymd_l
C00565,tma_p
C00565,tma_c
C00565,tma_e
C01104,tmao_p
C01104,tmao_c
C01104,tmao_e
C05760,tmrs2eACP_h
C05760,tmrs2eACP_c
C05751,toct2eACP_h
C05751,toct2eACP_c
C05763,tpalm2eACP_h
C05763,tpalm2eACP_c
C00343,trdox_x
C00343,trdox_c
C00343,trdox_h
C00343,trdox_m
C00343,trdox_n
C00342,trdrd_x
C00342,trdrd_c
C00342,trdrd_h
C00342,trdrd_m
C00342,trdrd_n
C01083,tre_p
C01083,tre_c
C01083,tre_e
C01083,tre_v
C00689,tre6p_c
C00689,tre6p_n
C01635,trnaala_c
C01635,trnaala_m
C01636,trnaarg_c
C01636,trnaarg_m
C01637,trnaasn_c
C01637,trnaasn_m
C01638,trnaasp_c
C01638,trnaasp_m
C01639,trnacys_c
C00069;C00863;C01335;C01640;C01702;C02525;C03130,trnagln_c;trnagln_c;trnagln_c;trnagln_c;trnagln_c;trnagln_c;trnagln_c
C01641,trnaglu_h
C01641,trnaglu_c
C01641,trnaglu_m
C01642,trnagly_c
C01642,trnagly_m
C01643,trnahis_c
C01643,trnahis_m
C01644,trnaile_c
C01644,trnaile_m
C01645,trnaleu_c
C01645,trnaleu_m
C01646,trnalys_c
C01646,trnalys_m
C01647,trnamet_c
C01647,trnamet_m
C01648,trnaphe_c
C01648,trnaphe_m
C01649,trnapro_c
C01650,trnaser_c
C01651,trnathr_c
C01651,trnathr_m
C01652,trnatrp_c
C01652,trnatrp_m
C00787,trnatyr_c
C00787,trnatyr_m
C01653,trnaval_h
C01653,trnaval_c
C01653,trnaval_m
C00078,trp__L_p
C00078,trp__L_c
C00078,trp__L_e
C00078,trp__L_m
C00078,trp__L_h
C03512,trptrna_c
C03512,trptrna_m
C00320;C05529,tsul_p;tsul_p
C00320;C05529,tsul_c;tsul_c
C00320;C05529,tsul_e;tsul_e
C00320;C05529,tsul_m;tsul_m
C00320;C05529,tsul_h;tsul_h
C06424,ttdca_p
C06424,ttdca_c
C06424,ttdca_h
C06424,ttdca_e
C06424,ttdca_x
C20679,tungs_p
C20679,tungs_c
C20679,tungs_e
C00082,tyr__L_c
C00082,tyr__L_e
C00082,tyr__L_h
C00082,tyr__L_m
C00082,tyr__L_p
C00082,tyr__L_v
C00082,tyr__L_x
C02839,tyrtrna_c
C02839,tyrtrna_m
C04652,u23ga_c
C04738,u3aga_c
C06022,u3hga_c
C05898,uaagmda_c
C05898,uaagmda_e
C04631,uaccg_c
C00043,uacgam_p
C00043,uacgam_c
C00043,uacgam_e
C00043,uacgam_g
C01170,uacmam_c
C06240,uacmamu_c
C05897,uagmda_c
C01212,uama_c
C00692,uamag_c
C01050,uamr_c
C00348,udcpp_p
C00348,udcpp_c
C00348,udcpp_e
C00015,udp_c
C00015,udp_e
C00015,udp_g
C00015,udp_h
C00015,udp_m
C00015,udp_l
C00015,udp_n
C00015,udp_r
C16154,udpLa4fn_c
C16153,udpLa4n_c
C00029,udpg_c
C00029,udpg_e
C00029,udpg_g
C00029,udpg_h
C00029,udpg_n
C00029,udpg_p
C00029,udpg_r
C00052,udpgal_p
C00052,udpgal_c
C00052,udpgal_e
C00052,udpgal_g
C00052,udpgal_h
C03733,udpgalfur_c
C00167,udpglcur_p
C00167,udpglcur_c
C00167,udpglcur_r
C00167,udpglcur_e
C00167,udpglcur_g
C04877;C20886,ugmd_c;ugmd_c
C04882,ugmda_c
C00105,ump_c
C00105,ump_e
C00105,ump_g
C00105,ump_h
C00105,ump_m
C00105,ump_l
C00105,ump_n
C00105,ump_p
C00105,ump_r
C01289,unaga_c
C20497,unagamu_c
C20498,unagamuf_p
C20498,unagamuf_c
C01051,uppg3_h
C01051,uppg3_c
C00106,ura_p
C00106,ura_c
C00106,ura_e
C20231,uracp_c
C00366,urate_m
C00366,urate_c
C00366,urate_e
C00366,urate_x
C00603;C02766,urdglyc_c;urdglyc_c
C00603;C02766,urdglyc_m;urdglyc_m
C00086,urea_p
C00086,urea_c
C00086,urea_e
C00086,urea_m
C00299;C16745,uri_c;uri_c
C00299;C16745,uri_e;uri_e
C00299;C16745,uri_m;uri_m
C00299;C16745,uri_l;uri_l
C00299;C16745,uri_n;uri_n
C00299;C16745,uri_p;uri_p
C00075,utp_m
C00075,utp_c
C00075,utp_e
C00075,utp_n
C00183,val__L_p
C00183,val__L_c
C00183,val__L_e
C00183,val__L_m
C00183,val__L_h
C02554,valtrna_h
C02554,valtrna_c
C02554,valtrna_m
C00385,xan_p
C00385,xan_c
C00385,xan_e
C00385,xan_x
C01337,xdp_c
C00655,xmp_p
C00655,xmp_c
C00655,xmp_e
C00655,xmp_m
C00700,xtp_c
C01762,xtsn_p
C01762,xtsn_c
C01762,xtsn_e
C00231,xu5p__D_h
C00231,xu5p__D_c
C03291,xu5p__L_c
C00181,xyl__D_p
C00181,xyl__D_c
C00181,xyl__D_e
C00181,xyl__D_l
C00310;C00508,xylu__D_c;xylu__D_c
C00312,xylu__L_p
C00312,xylu__L_c
C00312,xylu__L_e
C00038,zn2_p
C00038,zn2_c
C00038,zn2_e
C02353,23camp_p
C02353,23camp_c
C02353,23camp_e
C02354,23ccmp_p
C02354,23ccmp_c
C02354,23ccmp_e
C06194,23cgmp_p
C06194,23cgmp_c
C06194,23cgmp_e
C02355,23cump_p
C02355,23cump_c
C02355,23cump_e
C04043,34dhpac_p
C04043,34dhpac_c
C04043,34dhpac_e
C01367,3amp_p
C01367,3amp_c
C01367,3amp_e
C01367,3amp_l
C05822,3cmp_p
C05822,3cmp_c
C05822,3cmp_e
C06193,3gmp_p
C06193,3gmp_c
C06193,3gmp_e
C01368,3ump_p
C01368,3ump_c
C01368,3ump_e
C03765,4hoxpacd_p
C03765,4hoxpacd_c
C03765,4hoxpacd_e
C01132,acgal_p
C01132,acgal_c
C01132,acgal_e
C01132,acgal_l
C01132,acgal_g
C18060,acgal1p_p
C18060,acgal1p_c
C18060,acgal1p_e
C02713,acmum_p
C02713,acmum_e
C06186;C12079,arbt_p;arbt_p
C06186;C12079,arbt_e;arbt_e
C01674,chtbs_p
C01674,chtbs_c
C01674,chtbs_e
C00918,cm_p
C00918,cm_e
C03758,dopa_p
C03758,dopa_c
C03758,dopa_e
C01661;C11230,doxrbcn_p;doxrbcn_p
C01661;C11230,doxrbcn_e;doxrbcn_e
C06229,fe3dcit_p
C06229,fe3dcit_e
C06694,fusa_p
C06694,fusa_e
C00962,gal_bD_p
C00962,gal_bD_c
C00962,gal_bD_e
C01697,galt_p
C01697,galt_c
C01697,galt_e
C00329,gam_p
C00329,gam_c
C00329,gam_e
C05385,glcur1p_p
C05385,glcur1p_c
C05385,glcur1p_e
C11544,manglyc_p
C11544,manglyc_e
C07225,mincyc_p
C07225,mincyc_e
C01204,minohp_p
C01204,minohp_c
C01204,minohp_e
C01204,minohp_n
C00392,mnl_p
C00392,mnl_c
C00392,mnl_e
C05080,novbcn_p
C05080,novbcn_e
C05332,peamn_p
C05332,peamn_c
C05332,peamn_e
C06701,ppt_p
C06701,ppt_e
C06688,rfamp_p
C06688,rfamp_e
C00794,sbt__D_p
C00794,sbt__D_c
C00794,sbt__D_e
C00794,sbt__D_h
C00089,sucr_p
C00089,sucr_c
C00089,sucr_e
C00089,sucr_h
C12147,thrp_p
C12147,thrp_c
C12147,thrp_e
C06570,ttrcyc_p
C06570,ttrcyc_e
C00483,tym_p
C00483,tym_c
C00483,tym_e
C06501,tyrp_p
C06501,tyrp_e
C00203,udpacgal_c
C00203,udpacgal_e
C00203,udpacgal_g
C00203,udpacgal_l
C00203,udpacgal_p
C00203,udpacgal_r
C01834,lpp_p
C06473,2dhglcn_p
C06473,2dhglcn_c
C06473,2dhglcn_e
C17467,4hba_p
C17467,4hba_c
C17467,4hba_e
C04188,5mdr1p_c
C04582,5mdru1p_c
C01213,mmcoa__R_c
C01213,mmcoa__R_m
C01063,pmcoa_c
C00087,s_c
C00087,s_e
C02493,16BDglcn_c
C01235,1Dgali_h
C01235,1Dgali_c
C00681,1ag3p_SC_c
C02918,1mncam_c
C02918,1mncam_e
C04281,1p3h5c_c
C04281,1p3h5c_m
C00586;C02781,2dglc_c;2dglc_c
C06369,2doxg6p_c
C05984,2hb_c
C05984,2hb_e
C05802,2hp6mp_m
C02223,2mbald_m
C02223,2mbald_c
C02223,2mbald_e
C00322,2oxoadp_c
C00322,2oxoadp_m
C05853,2phetoh_m
C05853,2phetoh_c
C05853,2phetoh_e
C03672,34hpl_m
C05200,3dh5hpb_c
C05200,3dh5hpb_m
C02934,3dsphgn_c
C00632,3hanthrn_c
C05313,3hph5mb_m
C01390;C07329;C17628,3mbald_m;3mbald_m;3mbald_m
C01390;C07329;C17628,3mbald_c;3mbald_c;3mbald_c
C01390;C07329;C17628,3mbald_e;3mbald_e;3mbald_e
C16216,3ohodcoa_x
C13425,3ophb_5_c
C13425,3ophb_5_m
C02946,4aabutn_c
C02946,4aabutn_m
C01061,4fumacac_c
C01061,4fumacac_n
C03078,4gudbd_c
C01035,4gudbutn_c
C01127,4h2oglt_x
C01127,4h2oglt_c
C01127,4h2oglt_m
C02949,4hbzcoa_c
C02949,4hbzcoa_m
C05938,4hglusa_c
C05938,4hglusa_m
C01157;C03651,4hpro_LT_c;4hpro_LT_c
C01157;C03651,4hpro_LT_r;4hpro_LT_r
C01157;C03651,4hpro_LT_m;4hpro_LT_m
C01157;C03651,4hpro_LT_g;4hpro_LT_g
C01036,4mlacac_c
C01036,4mlacac_n
C05103,4mzym_c
C15816,4mzym_int2_c
C15816,4mzym_int2_r
C01143,5dpmev_x
C01143,5dpmev_c
C01107,5pmev_x
C01107,5pmev_c
C04076,L2aadp6sa_c
C04076,L2aadp6sa_m
C00956,L2aadp_c
C00956,L2aadp_m
C00491,Lcystin_h
C00491,Lcystin_c
C00491,Lcystin_e
C00491,Lcystin_v
C02700;C15605,Lfmkynr_c;Lfmkynr_c
C00328;C01718,Lkynr_c;Lkynr_c
C02567,N1sprm_c
C01152,NPmehis_c
C00811,T4hcinnm_p
C00811,T4hcinnm_c
C00811,T4hcinnm_e
C00811,T4hcinnm_m
C00532,abt_c
C00532,abt_e
C01883,aces_c
C01883,aces_e
C01077,achms_h
C01077,achms_c
C02571,acrn_x
C02571,acrn_c
C02571,acrn_r
C02571,acrn_m
C00810,actn__R_c
C00810,actn__R_e
C05715,acybut_c
C01010,allphn_c
C01010,allphn_m
C01242,alpro_c
C01242,alpro_m
C03011,apep_c
C05665,aproa_c
C05714,aprop_c
C02714,aprut_c
C00216,arab__D_p
C00216,arab__D_c
C00216,arab__D_e
C05921,btamp_c
C05921,btamp_m
C03044,btd_RR_c
C03044,btd_RR_e
C04441,caphis_c
C00307,cdpchol_c
C00570,cdpea_c
C00409,ch4s_c
C00409,ch4s_e
C00734,chitos_c
C00588,cholp_c
C00588,cholp_l
C00588,cholp_g
C04692,cmaphis_c
C04409,cmusa_c
C00223,coucoa_m
C00579,dhlam_h
C00579,dhlam_c
C00579,dhlam_m
C02972,dhlpro_c
C02972,dhlpro_m
C00381,dolichol_c
C00110,dolp_c
C00110,dolp_r
C02783,drib_p
C02783,drib_c
C02783,drib_e
C05947,e4hglu_x
C05947,e4hglu_c
C05947,e4hglu_m
C15777,epist_c
C15777,epist_e
C05400,epm_h
C05400,epm_c
C01694;C19653,ergst_c;ergst_c
C01694;C19653,ergst_r;ergst_r
C01694;C19653,ergst_e;ergst_e
C00346,ethamp_c
C00346,ethamp_r
C04525,fecost_c
C04525,fecost_e
C00923,ficytc_x
C00923,ficytc_c
C00923,ficytc_m
C00923,ficytc_h
C00924,focytc_x
C00924,focytc_c
C00924,focytc_m
C00924,focytc_h
C01172,g6p_B_h
C01172,g6p_B_c
C00353,ggdp_h
C00353,ggdp_c
C00353,ggdp_u
C05401,ggl_h
C05401,ggl_c
C02038,glp_c
C03738,gluala_c
C03738,gluala_e
C03227,hLkynr_c
C15670,hemeA_c
C15670,hemeA_m
C01230,hexdp_c
C01230,hexdp_m
C00544,hgentis_h
C00544,hgentis_c
C05662,hicit_m
C00356,hmgcoa_x
C00356,hmgcoa_c
C00356,hmgcoa_r
C00356,hmgcoa_m
C04144,hpglu_c
C04144,hpglu_m
C00517,hxdcal_c
C00517,hxdcal_r
C02693,iad_c
C12296,iamac_c
C12296,iamac_e
C07328,iamoh_m
C07328,iamoh_c
C07328,iamoh_e
C14710,ibutoh_m
C14710,ibutoh_c
C14710,ibutoh_e
C00637,id3acald_m
C00637,id3acald_c
C00637,id3acald_e
C00954,ind3ac_m
C00954,ind3ac_c
C00954,ind3ac_e
C02938,ind3acnl_c
C00955,ind3eth_m
C00955,ind3eth_c
C00955,ind3eth_e
C00331,indpyr_c
C00531,itaccoa_m
C00490,itacon_m
C01724,lanost_c
C01724,lanost_r
C01724,lanost_e
C00248,lpam_h
C00248,lpam_c
C00248,lpam_m
C02051,lpro_c
C02051,lpro_m
C05864,m4macchitppdol_g
C05860,macchitppdol_g
C00464,mannan_c
C00464,mannan_r
C05399,melt_h
C05399,melt_c
C00418;C02104,mev__R_x;mev__R_x
C00418;C02104,mev__R_c;mev__R_c
C00418;C02104,mev__R_r;mev__R_r
C04489,mhpglu_c
C04489,mhpglu_m
C05936,n4abutn_c
C05936,n4abutn_m
C00001;C01328,oh1_m;oh1_m
C00001;C01328,oh1_c;oh1_c
C00001;C01328,oh1_e;oh1_e
C05533,oxag_c
C05533,oxag_m
C02505,pad_c
C04217,pendp_c
C04217,pendp_m
C00012;C01076,pepd_c;pepd_c
C00012;C01076,pepd_e;pepd_e
C12303,pheac_c
C12303,pheac_e
C11526,ppmi12346p_c
C11526,ppmi12346p_n
C02939,ivcoa_c
C02939,ivcoa_m
C01204,ppmi1346p_c
C01204,ppmi1346p_n
C12144,psphings_c
C12144,psphings_r
C04308,ptd2meeta_SC_c
C17568,q6_m
C00492,raffin_p
C00492,raffin_c
C00492,raffin_e
C00492,raffin_h
C03150,rnam_p
C03150,rnam_c
C03150,rnam_e
C00449,saccrp__L_c
C00449,saccrp__L_m
C01722,sbt__L_c
C01722,sbt__L_e
C01169,sdhlam_c
C01169,sdhlam_m
C01120,sph1p_c
C01120,sph1p_r
C01120,sph1p_e
C00836,sphgn_c
C00836,sphgn_r
C00750,sprm_h
C00750,sprm_c
C00750,sprm_e
C00751,sql_c
C00751,sql_r
C00247,srb__L_c
C00247,srb__L_e
C05122,tchola_x
C05122,tchola_c
C05122,tchola_e
C05122,tchola_v
C03881,tglp_c
C09332,thfglu_c
C03028,thmtp_c
C03028,thmtp_e
C00379,xylt_c
C00379,xylt_e
C05437,zymst_c
C05437,zymst_r
C05437,zymst_e
C00641,12dgr_EC_c
C05672,2a3pp_c
C02323,2hymeph_c
C01033;C15980,2mbcoa_c;2mbcoa_c
C01033;C15980,2mbcoa_m;2mbcoa_m
C05118,2mbdhl_c
C05118,2mbdhl_m
C04424,2mpdhl_c
C04424,2mpdhl_m
C05813,2ombz_c
C05814,2ommb_c
C03580,3AStrmyn_c
C04046,3g12dgr_SA2_c
C05119;C15975,3mbdhl_c;3mbdhl_c
C05119;C15975,3mbdhl_m;3mbdhl_m
C02798,3pop_c
C03680,4izp_c
C00835;C03684,6pthp_c;6pthp_c
C00835;C03684,6pthp_n;6pthp_n
C02078,Sptmyn_c
C00413,Stmyn_c
C02999,acmama_c
C06506,adcobdam_c
C06507,adcobhex_c
C01586,bgly_c
C00180;C00539,bz_p;bz_p
C00180;C00539,bz_c;bz_c
C00180;C00539,bz_r;bz_r
C00180;C00539,bz_e;bz_e
C00513,cdpglyc_c
C05768,cpppg1_h
C05768,cpppg1_c
C17432,decdp_c
C17432,decdp_m
C00138,fdxrd_u
C00138,fdxrd_c
C00138,fdxrd_m
C00138,fdxrd_h
C00439,forglu_c
C00488,frmd_x
C00488,frmd_c
C15670,hemeA_1_c
C04216,hepdp_c
C00630,ibcoa_c
C00630,ibcoa_m
C05396,lac6p_c
C01384,male_c
C01596,malm_c
C04390,n6all26d_c
C05539,nal2a6o_c
C01358,nh4oh_c
C01682,nop_c
C04137,octp_c
C02656,pime_c
C02656,pime_e
C06188,salc6p_c
C01451,salcn_p
C01451,salcn_c
C01451,salcn_e
C01968,udcp_c
C05766,uppg1_h
C05766,uppg1_c
C00785,urcan_c
C00642;C13636,4hphac_p;4hphac_p
C00642;C13636,4hphac_c;4hphac_c
C00642;C13636,4hphac_e;4hphac_e
C19806,tcb_p
C19806,tcb_c
C19806,tcb_e
C01861,tton_p
C01861,tton_e
C05824,slcys_c
C02084,tet_p
C02084,tet_e
C00795,tag__D_p
C00795,tag__D_e
C00491,cysi__L_p
C00491,cysi__L_c
C00491,cysi__L_e
C00800,guln__L_p
C00800,guln__L_c
C00800,guln__L_e
C03680,4iz5pp_c
C00785,urocan_c
C00488,foam_p
C00488,foam_c
C00488,foam_e
C03557,AEP_p
C03557,AEP_c
C03557,AEP_e
C11538,codscl2_c
C00741,diact_c
C00741,diact_e
C06181,pprdn_c
C00431,5aptn_c
C00489,glutar_c
C03273,oxptn_c
C02457,13ppd_p
C02457,13ppd_c
C02457,13ppd_e
C00474,rbt_c
C00474,rbt_e
C00185;C06422,cellb_p;cellb_p
C00185;C06422,cellb_c;cellb_c
C00185;C06422,cellb_e;cellb_e
C00527,glutcoa_c
C00527,glutcoa_m
C01904,abt__D_c
C01904,abt__D_e
C00805,salc_c
C06377,galam6p_c
C05593,3hoxpac_p
C05593,3hoxpac_c
C05593,3hoxpac_e
C05551,peng_p
C05551,peng_e
C02954,6apa_p
C02954,6apa_e
C04534,cellb6p_c
C00642;C13636,4hoxpac_p;4hoxpac_p
C00642;C13636,4hoxpac_c;4hoxpac_c
C00642;C13636,4hoxpac_e;4hoxpac_e
C06376,acgal6p_c
C06188,salcn6p_c
C00309;C08354,rbl__D_c;rbl__D_c
C16848,dkfp_c
C00128,cmp_nate_c
C05841,nicrns_c
C01188,3hmp_c
C01188,3hmp_m
C06000,3hibutcoa_c
C06000,3hibutcoa_m
C05852,2hyoxplac_c
C02220,amuco_c
C03824,am6sa_c
C05345,f6p_B_h
C05345,f6p_B_c
C00640,3hacoa_x
C00264,3oacoa_x
C00040,acoa_x
C00501,cdpglc_c
C01613,stys_c
C15606,dhmtp_c
C15650;C15651,hkmpp_c;hkmpp_c
C04642,5cmhmsa_c
C04186,5cmhm_c
C05601;C06201,24dhhed_c;24dhhed_c
C01161,34dhpha_c
C04052,5cohe_c
C05601;C06201,4h2kpi_c;4h2kpi_c
C03063,2ohed_c
C00408,Lpipecol_x
C00408,Lpipecol_c
C04092,1pipdn2c_x
C04092,1pipdn2c_c
C01218,6p2dhglcn_c
C01197;C01481,34dhcinm_p;34dhcinm_p
C01197;C01481,34dhcinm_c;34dhcinm_c
C01197;C01481,34dhcinm_e;34dhcinm_e
C07209,3mbzald_c
C07216,3mbzalc_c
C07211,m_tol_c
C06210,cchoxod_c
C02923,3mcat_c
C00846,3oxoadp_p
C00846,3oxoadp_c
C00846,3oxoadp_e
C00230,34dhbz_p
C00230,34dhbz_c
C00230,34dhbz_e
C00223,4cmcoa_c
C01278,4cml_c
C03586,5odhf2a_c
C06758,4mbzald_c
C06757,4mbzalc_c
C01454,p_tol_c
C06760,hmccms_c
C06730,4mcat_c
C11354,2hchd_c
C07479,2omcm_c
C02501;C03453,2hmc_c;2hmc_c
C07478,hmccm_c
C00919,chols_p
C00919,chols_c
C00919,chols_e
C01020,6hnac_c
C01059,dhpyr_c
C00450,thp2c_x
C00450,thp2c_c
C03345,2mb2coa_c
C03345,2mb2coa_m
C03460,2mp2coa_c
C03460,2mp2coa_m
C04122;C04126,applp_c;applp_c
C01359,pqqh2_c
C00113,pqq_c
C03239,6a2ohxnt_x
C03239,6a2ohxnt_c
C00990,5apentam_c
C00014;C01342,nh3_c;nh3_c
C03771,oxoarg__L_c
C01089,bhb_p
C01089,bhb_c
C01089,bhb_e
C01089,bhb_m
C01089,bhb_x
C01026,dmgly_c
C01026,dmgly_m
C06321,bz12diol_c
C00556;C03485,bzalc_p;bzalc_p
C00556;C03485,bzalc_c;bzalc_c
C00556;C03485,bzalc_e;bzalc_e
C00193;C00261,bzal_p;bzal_p
C00193;C00261,bzal_c;bzal_c
C00193;C00261,bzal_e;bzal_e
C00090;C01785;C15571,catechol_p;catechol_p;catechol_p
C00090;C01785;C15571,catechol_c;catechol_c;catechol_c
C00090;C01785;C15571,catechol_e;catechol_e;catechol_e
C16700,34dhbald_c
C00323,caffcoa_c
C00682,2hmcnsad_c
C02480;C03647,ccmuac_c;ccmuac_c
C00590,confrl_p
C00590,confrl_c
C00590,confrl_e
C02666,conialdh_c
C01494,fer_p
C01494,fer_c
C01494,fer_e
C06504,co2dam_c
C06503,hgbam_c
C00633,4hbald_p
C00633,4hbald_c
C00633,4hbald_e
C06505,co1dam_c
C05824,scys__L_h
C05824,scys__L_c
C05824,scys__L_m
C03283,24dab_c
C06720,dh3mchc_c
C06729,dh4mchc_c
C02642,cala_c
C00268;C02953,dhbpt_c;dhbpt_c
C00272,thbpt_c
C00272,thbpt_n
C00739,lys__D_c
C00039,dna_c
C00039,dna_n
C02967,dna5mtc_c
C02967,dna5mtc_n
C04405,3hmbcoa_c
C04405,3hmbcoa_m
C01424,ga_p
C01424,ga_c
C01424,ga_e
C07208,m_xyl_p
C07208,m_xyl_c
C07208,m_xyl_e
C06756,p_xyl_p
C06756,p_xyl_c
C06756,p_xyl_e
C00296,quin_kt_p
C00296,quin_kt_c
C00296,quin_kt_e
C01455,tol_p
C01455,tol_c
C01455,tol_e
C00755,vanln_p
C00755,vanln_c
C00755,vanln_e
C06672,vanlt_p
C06672,vanlt_c
C06672,vanlt_e
C00524,cytcc_c
C00406,ferulcoa_c
C01045,Nforglu_c
C02647,gdbtal_c
C06157,S_gtrdhdlp_c
C06112,glutrna_gln_c
C03344,2maacoa_c
C03344,2maacoa_m
C06002,mmtsa_c
C00596,chpd_c
C06762,4hoxoh_c
C03589,4h2oxov_c
C03069,3mb2coa_c
C03069,3mb2coa_m
C03231,3mgcoa_c
C03231,3mgcoa_m
C04489,5mthglu_c
C04144,thglu_c
C01163,CCbuttc_c
C18232,nfmalm_c
C06407,pre4_c
C06416,pre5_c
C06406,pre3b_c
C05772,pre3a_c
C06319,pre6b_c
C06320,pre6a_c
C06408,pre8_c
C06399,hgbyr_c
C01136,adhlam_h
C01136,adhlam_c
C01136,adhlam_m
C00435,rbrdxOX_c
C00340,rbrdxRD_c
C05691,seasmet_c
C05691,seasmet_n
C05335,selmeth_c
C01659,aa_c
C01659,aa_e
C06244,ad_c
C06244,ad_e
C00511,acryl_c
C01070,ficytcc553_c
C01071,focytcc553_c
C04121,cmpkdo_c
C04824,lipidX_HP_c
C13908,lipidA_HP_c
C06024,kdolipid4_HP_c
C02532,pser__D_c
C02532,pser__D_e
C02200,ugam_c
C20985,tres_c
C20370,decda_tb_c
C02463,pre2_c
C00265,dtt_c
C01119,dttOX_c
C05688,selcys_h
C05688,selcys_c
C05688,selcys_m
C05893,uaaGgla_c
C04079,ptcys_c
C00831,ptth_c
C05377,mndn_c
C04851,uaGgla_c
C04702,uGgla_c
C04702,uAgla_c
C03516,mppp9_h
C03516,mppp9_c
C00349,2mop_c
C00349,2mop_m
C03546,mi4p__D_c
C04006,mi3p__D_c
C04006,mi3p__D_n
C12216,mcbts_c
C06425,arach_c
C06425,arach_e
C05892,uGgl_c
C04700,uAgl_c
C05894,uaaGgtla_c
C01879,5oxpro_c
C00667,adfdOX_c
C00662,adfdRD_c
C00237,co_p
C00237,co_c
C00237,co_e
C00237,co_h
C02527,butpi_c
C02782,2dglcn_c
C03926,3ddgc_c
C20352,decdpr_tb_c
C11545,copre8_c
C05773,cobya_c
C11542,copre6_c
C11543,codhpre6_c
C11540,copre4_c
C11541,copre5_c
C11539,copre3_c
C11538,copre2_c
C01278,2c25dho_c
C00504,fol_c
C00504,fol_e
C05338,hphaccoa_c
C05979,ppoh_p
C05979,ppoh_c
C05979,ppoh_e
C00969,3hppnl_c
C00691,2ins_c
C06892,d5kg_c
C06893,d5kgp_c
C06891,dkdi_c
C01142,36dahx_c
C02835,im4ac_c
C02835,im4ac_m
C05130,im4act_c
C05130,im4act_m
C00617,udpgalur_c
C02985,fuc1p__L_c
C02985,fuc1p__L_e
C03892,pgp_EC_c
C01180,4met2obut_c
C00383,malon_c
C08276,mtpp_c
C03167,Pald_c
C04642,2h5cmmusa_c
C04186,5cm2hmu_c
C04052,5c2o3ed_c
C11539,codscl3_c
C11540,codscl4_c
C16242,codscl5a_c
C16243,codscl5b_c
C11542,codscl6a_c
C11543,codscl6b_c
C16244,codscl7_c
C05773,cobn_c
C04122;C04126,appp_c;appp_c
C01788,cdpabeq_c
C01219,cdp4dh6doglc_c
C03063,2oh3d_c
C06030,2m3osuc_c
C06714,3hpimcoa_c
C08262,3mb_p
C08262,3mb_c
C08262,3mb_e
C06715,3opimcoa_c
C11062,4hbutcoa_c
C03079,4hglu_c
C02376,5mcsn_c
C20239,6ctd_c
C06749,6hch1eccoa_c
C09821,6occhcoa_c
C00506,Lcyst_p
C00506,Lcyst_c
C00506,Lcyst_e
C00506,Lcyst_m
C00506,Lcyst_h
C00436,Ncbmpts_c
C00207,acetone_m
C00207,acetone_c
C00207,acetone_e
C00512,benzcoa_c
C09816,bzsucc_c
C09817,bzsuccoa_c
C17017,cdhxfut_c
C06322,ch15deccoa_c
C02226,citac_c
C00815,citm_c
C18172,cspmd_c
C17010,dhxfut_c
C06310,dplpt_c
C00125,ficytC_c
C00125,ficytC_m
C06260,ficytb_c
C00126,focytC_c
C00126,focytC_m
C00924,focytb_c
C16999,fut_c
C09819,hmpscoa_c
C15489,indaccoa_c
C00827,laccoa_c
C00697,n2_p
C00697,n2_c
C00697,n2_e
C02116,n2ppn_c
C00146;C15584,phenol_p;phenol_p
C00146;C15584,phenol_c;phenol_c
C00146;C15584,phenol_e;phenol_e
C09818,phitcoa_c
C05723,polglu_c
C00894,pp2coa_c
C02734,pphos_c
C02451,pt2coa_c
C00888,ptcoa_c
C06032,r3mmal_c
C00190,udpxyl_c
C00190,udpxyl_r
C00190,udpxyl_g
C02331,vaccoa_c
C02632,ibt_p
C02632,ibt_e
C00803,pta_p
C00803,pta_c
C00803,pta_e
C00031,glc_B_h
C00031,glc_B_c
C05577,34dhmald_c
C05576,34dhoxpeg_c
C05576,34dhoxpeg_e
C03561,3hbcoa__R_c
C03561,3hbcoa__R_m
C02094,bcarote_c
C08591,bcryptox_c
C06098,zeax_c
C08592,echin_c
C00500,biliverd_h
C00500,biliverd_c
C00486,bilirub_h
C00486,bilirub_c
C00486,bilirub_r
C00486,bilirub_e
C00138,fdxr_2_2_c
C02139,chlld_c
C05427,phdp_c
C05306,cholphya_c
C02880,pchlld_c
C11831,dvpchlld_c
C05435,gcarote_c
C15882,2m6phol_c
C05432,lycop_c
C15883,23dmphol_c
C04536,mppp9om_c
C11829,hmppp9_c
C11830,omppp9_c
C03427,prephytedp_c
C05430,zcarote_c
C01182,rb15bp_h
C01182,rb15bp_c
C00205,photon_p
C00205,photon_c
C00205,photon_e
C11521,udpsq_h
C11521,udpsq_c
C02483,gtocophe_c
C02477,atocophe_c
C14151,dtocophe_c
C14152,btocophe_c
C05431,neuspn_c
C13309,dmtphllqne_c
C02059,phllqne_c
C10517,glcglycp_c
C11546,glcglyc_p
C11546,glcglyc_c
C11546,glcglyc_e
C06310,dptne_c
C06309,dpterol_c
C05488,11docrtsl_c
C05488,11docrtsl_r
C05488,11docrtsl_m
C03205,11docrtstrn_c
C03205,11docrtstrn_r
C03205,11docrtstrn_m
C14812,12RHPET_c
C07058,13_cis_retn_c
C07058,13_cis_retn_r
C07058,13_cis_retn_n
C05966,15HPET_c
C05138,17ahprgnlone_c
C05138,17ahprgnlone_r
C01176,17ahprgstrn_c
C01176,17ahprgstrn_r
C06178,1mpyr_c
C07712,2425dhvitd3_m
C07712,2425dhvitd3_c
C07712,2425dhvitd3_e
C01561,25hvitd3_m
C01561,25hvitd3_c
C01561,25hvitd3_e
C02218;C20253,2amac_c;2amac_c
C03557,2ameph_c
C05604,2c23dh56dhoxin_c
C05580,34dhoxmand_c
C00355,34dhphe_c
C00355,34dhphe_e
C01060,35diotyr_c
C03284,3aib_m
C03284,3aib_c
C03284,3aib_e
C01205,3aib__D_m
C01205,3aib__D_c
C01205,3aib__D_e
C01259,3htmelys_c
C01259,3htmelys_m
C05636,3hxkynam_c
C02515,3ityr__L_c
C05583,3m4hpga_c
C05584,3mox4hoxm_c
C05581,3mox4hpac_c
C05587,3moxtyr_c
C05587,3moxtyr_e
C05696,3padsel_c
C05527,3snpyr_h
C05527,3snpyr_c
C05527,3snpyr_m
C05528,3spyr_h
C05528,3spyr_c
C05528,3spyr_m
C05100,3uib_c
C05645,42A3HP24DB_c
C05639,46dhoxquin_c
C05637,48dhoxquin_c
C01252,4aphdob_c
C02373,4mptnl_m
C02373,4mptnl_c
C02373,4mptnl_r
C02373,4mptnl_e
C00870,4nph_c
C00870,4nph_e
C00847,4pyrdx_c
C00847,4pyrdx_e
C01149,4tmeabut_c
C01149,4tmeabut_m
C01181,4tmeabutn_c
C04185,56dihindlcrbxlt_c
C00906,56dthm_c
C05356,5HPET_c
C03917;C05293,5adtststerone_c;5adtststerone_c
C03917;C05293,5adtststerone_r;5adtststerone_r
C03917;C05293,5adtststerone_e;5adtststerone_e
C00664,5forthf_c
C05634,5hoxindact_c
C05634,5hoxindact_m
C05635,5hoxindoa_c
C05635,5hoxindoa_m
C05648,5hoxnfkyn_c
C00643;C01017,5htrp_c;5htrp_c
C00643;C01017,5htrp_e;5htrp_e
C05651,5hxkyn_c
C05638,5hxkynam_c
C05643,6hoxmelatn_c
C14497,6htststerone_c
C14497,6htststerone_r
C14497,6htststerone_e
C01164,7dhchsterol_c
C01164,7dhchsterol_r
C01693;C15566,L_dpchrm_c;L_dpchrm_c
C01042,Nacasp_c
C01042,Nacasp_m
C00978,Nacsertn_c
C01996,ach_c
C01996,ach_e
C01996,ach_n
C06241,acnamp_c
C06192,adpman_c
C03246,adprbp_c
C03246,adprbp_e
C16527,adrn_x
C16527,adrn_c
C16527,adrn_e
C16170,adrncoa_x
C16170,adrncoa_c
C16170,adrncoa_m
C00788,adrnl_c
C00788,adrnl_e
C05686,adsel_c
C06800,aflatoxin_c
C06800,aflatoxin_e
C11136,ahandrostanglc_c
C11136,ahandrostanglc_r
C11136,ahandrostanglc_e
C03201,ak2g_hs_c
C01780,aldstrn_m
C01780,aldstrn_c
C01780,aldstrn_e
C00523,andrstrn_c
C00523,andrstrn_r
C00523,andrstrn_e
C11135,andrstrnglc_c
C11135,andrstrnglc_r
C11135,andrstrnglc_e
C02759,apnnox_c
C02759,apnnox_e
C06306,appnn_c
C06306,appnn_e
C04042,aprgstrn_c
C04042,aprgstrn_e
C00992;C08230,aqcobal_c;aqcobal_c
C00992;C08230,aqcobal_e;aqcobal_e
C00219,arachd_c
C00219,arachd_r
C00219,arachd_e
C02249,arachdcoa_x
C02249,arachdcoa_c
C02249,arachdcoa_m
C00402,asp__D_x
C00402,asp__D_c
C00402,asp__D_e
C02477,avite1_h
C02477,avite1_c
C02477,avite1_e
C14153,avite2_c
C14153,avite2_e
C05787,bildglcur_c
C05787,bildglcur_r
C05787,bildglcur_e
C03374,bilglcur_c
C03374,bilglcur_r
C03374,bilglcur_e
C05552,biocyt_m
C05552,biocyt_c
C05552,biocyt_e
C05552,biocyt_n
C14152,bvite_h
C14152,bvite_c
C14152,bvite_e
C16169,c226coa_x
C16169,c226coa_c
C16169,c226coa_m
C02094,caro_u
C02094,caro_c
C02094,caro_e
C02094,caro_h
C00541,cbl2_m
C00541,cbl2_c
C00541,cbl2_e
C18230,cca_d3_m
C18230,cca_d3_c
C18230,cca_d3_e
C00695;C01558,cholate_c;cholate_c
C00695;C01558,cholate_e;cholate_e
C00187,chsterol_c
C00187,chsterol_e
C00187,chsterol_g
C00187,chsterol_m
C00187,chsterol_l
C00187,chsterol_r
C18043,chsterols_c
C18043,chsterols_r
C00461,chtn_c
C00461,chtn_e
C16513,clpnd_c
C16513,clpnd_e
C16166,clpndcoa_x
C16166,clpndcoa_c
C16166,clpndcoa_m
C05673,cmp2amep_c
C00128,cmpacna_c
C00128,cmpacna_g
C00128,cmpacna_n
C05674,cmpntm2amep_c
C05851,coumarin_c
C05851,coumarin_e
C00300,creat_m
C00300,creat_c
C00300,creat_e
C02960,crmp_hs_c
C02960,crmp_hs_e
C00791,crtn_c
C00735,crtsl_m
C00735,crtsl_c
C00735,crtsl_r
C00735,crtsl_e
C02140;C02942,crtstrn_m;crtstrn_m
C02140;C02942,crtstrn_c;crtstrn_c
C02140;C02942,crtstrn_r;crtstrn_r
C02140;C02942,crtstrn_e;crtstrn_e
C01678,cysam_c
C16173,dcsptn1coa_x
C16173,dcsptn1coa_c
C16173,dcsptn1coa_m
C13650,debrisoquine_c
C13650,debrisoquine_e
C05466,dgchol_x
C05466,dgchol_c
C05466,dgchol_e
C05422,dhdascb_u
C05422,dhdascb_c
C05422,dhdascb_e
C01227,dhea_c
C01227,dhea_r
C04555,dheas_c
C04555,dheas_r
C04555,dheas_e
C03405;C06127,digalsgalside_hs_c;digalsgalside_hs_c
C03405;C06127,digalsgalside_hs_e;digalsgalside_hs_e
C03405;C06127,digalsgalside_hs_g;digalsgalside_hs_g
C06126,digalside_hs_c
C06126,digalside_hs_l
C06126,digalside_hs_g
C03595,dlnlcgcoa_c
C03595,dlnlcgcoa_m
C00822,dopaqn_c
C13690,dopasf_c
C13690,dopasf_e
C16164,eicostetcoa_c
C16164,eicostetcoa_m
C01712,elaid_c
C01712,elaid_e
C02022;C02045,eryth_c;eryth_c
C00951,estradiol_c
C00951,estradiol_r
C00951,estradiol_e
C05503,estradiolglc_c
C05503,estradiolglc_r
C05503,estradiolglc_e
C05141,estriol_c
C05141,estriol_r
C05504,estriolglc_c
C05504,estriolglc_r
C05504,estriolglc_e
C00468,estrone_c
C00468,estrone_r
C11133,estroneglc_c
C11133,estroneglc_r
C11133,estroneglc_e
C02538,estrones_c
C02538,estrones_r
C02538,estrones_e
C05647,f5hoxkyn_c
C05642,fna5moxam_c
C00798,formcoa_x
C00798,formcoa_c
C01921,gchola_x
C01921,gchola_c
C01921,gchola_e
C05466,gdchola_x
C05466,gdchola_c
C05466,gdchola_e
C02670,glac_c
C02670,glac_r
C02670,glac_m
C04248,gpail_hs_c
C00581,gudac_c
C01040,gullac_c
C01040,gullac_r
C00800,guln_c
C00800,guln_r
C14209,hestratriol_c
C14209,hestratriol_r
C14209,hestratriol_e
C00388,hista_c
C00388,hista_e
C05582,homoval_c
C16677,hretn_c
C16677,hretn_n
C00519,hyptaur_c
C00708;C05590,i_c;i_c
C00708;C05590,i_e;i_e
C06472,idour_c
C06472,idour_l
C01382,iodine_c
C01717,kynate_c
C00909,leuktrA4_c
C00909,leuktrA4_r
C00909,leuktrA4_e
C02165,leuktrB4_c
C02165,leuktrB4_r
C02165,leuktrB4_e
C02166,leuktrC4_c
C02166,leuktrC4_r
C02166,leuktrC4_e
C05951,leuktrD4_c
C05951,leuktrD4_r
C05951,leuktrD4_e
C05952,leuktrE4_c
C05952,leuktrE4_e
C06462,leuktrF4_c
C06462,leuktrF4_e
C08320,lgnc_c
C08320,lgnc_e
C16529,lgnccoa_x
C16529,lgnccoa_c
C16529,lgnccoa_m
C06078,limnen_c
C06078,limnen_e
C02050,lnlccoa_c
C02050,lnlccoa_m
C16162,lnlncacoa_c
C16162,lnlncacoa_m
C06426,lnlncg_c
C06426,lnlncg_e
C03035,lnlncgcoa_x
C03035,lnlncgcoa_c
C03035,lnlncgcoa_m
C01164,lum3_c
C05412,lyxnt_c
C05606;C17937,melanin_c;melanin_c
C01598,melatn_c
C05588,mepi_c
C05588,mepi_e
C05823,mercplac_c
C05127,mhista_c
C04477,mi1346p_c
C04477,mi1346p_n
C01243,mi134p_c
C01243,mi134p_n
C04062,mi13p_c
C01220,mi14p_c
C01220,mi14p_n
C04520,mi3456p_c
C04063,mi34p_c
C04063,mi34p_n
C00218,mma_c
C00218,mma_e
C05653,nformanth_c
C07266,nifedipine_c
C07266,nifedipine_e
C02723,nmptrc_c
C06212,nmthsrtn_c
C05589,normete__L_c
C05589,normete__L_e
C00829,npthl_c
C00829,npthl_e
C00547,nrpphr_c
C00547,nrpphr_e
C08323,nrvnc_c
C08323,nrvnc_e
C06459,ntm2amep_c
C05933,nwharg_c
C01211,pcollg5hlys_c
C16740,pcollglys_c
C02305,pcreat_c
C02305,pcreat_m
C03017,pcrn_x
C03017,pcrn_c
C03017,pcrn_m
C07711,pd3_c
C11924,peracd_c
C11924,peracd_m
C02452,perillyl_c
C02452,perillyl_e
C04148,pheacgln_c
C04148,pheacgln_e
C02059,phyQ_c
C02059,phyQ_e
C01607,phyt_x
C01607,phyt_c
C01607,phyt_e
C02060,phytcoa_x
C02060,phytcoa_c
C02990,pmtcrn_c
C02990,pmtcrn_m
C01953,prgnlone_c
C01953,prgnlone_r
C01953,prgnlone_m
C18044,prgnlones_c
C18044,prgnlones_r
C00410,prgstrn_c
C00410,prgstrn_r
C00410,prgstrn_e
C00763,pro__D_x
C00763,pro__D_c
C00763,pro__D_e
C00763,pro__D_l
C04654,prostg1_c
C00696,prostgd2_c
C00696,prostgd2_r
C00696,prostgd2_e
C04741,prostge1_c
C04741,prostge1_e
C00584,prostge2_c
C00584,prostge2_r
C00584,prostge2_e
C00639,prostgf2_c
C00639,prostgf2_e
C00427,prostgh2_c
C00427,prostgh2_r
C00427,prostgh2_e
C01312,prostgi2_c
C01312,prostgi2_r
C01312,prostgi2_e
C16537,ptdca_c
C16537,ptdca_e
C02576,pylald_c
C02576,pylald_m
C11378,q10_c
C11378,q10_m
C00376,retinal_h
C00376,retinal_c
C00376,retinal_s
C02110,retinal_11_cis_c
C02110,retinal_11_cis_s
C16681,retinal_cis_9_c
C00473;C17276,retinol_c;retinol_c
C00473;C17276,retinol_e;retinol_e
C00473;C17276,retinol_s;retinol_s
C16682,retinol_9_cis_c
C16682,retinol_9_cis_e
C00899,retinol_cis_11_c
C00899,retinol_cis_11_e
C00899,retinol_cis_11_s
C00777,retn_c
C00777,retn_r
C00777,retn_e
C00777,retn_n
C11061,retnglc_c
C11061,retnglc_r
C11061,retnglc_e
C05692,seahcys_c
C05692,seahcys_n
C05699,selcyst_h
C05699,selcyst_c
C05698,selhcys_h
C05698,selhcys_c
C00319,sphings_c
C00319,sphings_r
C00319,sphings_l
C06124,sphs1p_c
C06124,sphs1p_r
C06124,sphs1p_e
C00780,srtn_c
C00780,srtn_e
C16163,strdnccoa_x
C16163,strdnccoa_c
C16163,strdnccoa_m
C00795,tagat__D_c
C00795,tagat__D_e
C07394,taxol_c
C07394,taxol_e
C05465;C16868,tdchola_x;tdchola_x
C05465;C16868,tdchola_c;tdchola_c
C05465;C16868,tdchola_e;tdchola_e
C16168,tethex3coa_x
C16168,tethex3coa_c
C16167,tetpent3coa_x
C16167,tetpent3coa_c
C16167,tetpent3coa_m
C16172,tetpent6coa_x
C16172,tetpent6coa_c
C16172,tetpent6coa_m
C16171,tettet6coa_x
C16171,tettet6coa_c
C16171,tettet6coa_m
C01962,thcys_h
C01962,thcys_c
C01620,thrnt_c
C01829,thyox__L_c
C01829,thyox__L_e
C03793,tmlys_c
C03793,tmlys_r
C16165,tmndnccoa_x
C16165,tmndnccoa_c
C16165,tmndnccoa_m
C07148,tolbutamide_c
C07148,tolbutamide_e
C02465,triodthy_c
C02465,triodthy_e
C00398,trypta_c
C00535,tststerone_c
C00535,tststerone_r
C00535,tststerone_e
C11134,tststeroneglc_c
C11134,tststeroneglc_r
C11134,tststeroneglc_e
C11356,ttc_ggdp_c
C02198,txa2_c
C02198,txa2_r
C02198,txa2_e
C08367,vacc_c
C08367,vacc_e
C05441,vitd2_m
C05441,vitd2_c
C05441,vitd2_e
C05443,vitd3_m
C05443,vitd3_c
C05443,vitd3_e
C18218,whhdca_h
C18218,whhdca_c
C18218,whhdca_e
C05294,whtststerone_c
C05294,whtststerone_r
C05294,whtststerone_e
C05451,xol7ah_c
C05452,xol7ah2_c
C05452,xol7ah2_r
C05452,xol7ah2_m
C05455,xol7aone_c
C05455,xol7aone_r
C17339,xoldiolone_c
C17339,xoldiolone_r
C17339,xoldiolone_m
C05453,xoldioloneh_c
C02530,xolest_hs_c
C02530,xolest_hs_r
C02530,xolest_hs_e
C15518,xoltri24_c
C15518,xoltri24_r
C15518,xoltri24_e
C15520,xoltri25_c
C15520,xoltri25_r
C15520,xoltri25_e
C06341,xoltri27_c
C06341,xoltri27_r
C06341,xoltri27_e
C05454,xoltriol_c
C05454,xoltriol_r
C05454,xoltriol_m
C06441,xu1p__D_c
C05411,xylnt_c
C02483,yvite_h
C02483,yvite_c
C02483,yvite_e
C04794,ha_pre1_e
C04794,ha_pre1_l
C02188,peplys_e
C02188,peplys_n
C04936,acngal14acglcgalgluside_hs_g
C01306,core3_g
C04917,core4_g
C06131,fucgalacglcgalgluside_hs_g
C04922,gal14acglcgalgluside_hs_g
C04910;C06272,galacglcgalgluside_hs_g;galacglcgalgluside_hs_g
C04147,glc1man_g
C18231,1a2425thvitd3_m
C05500,20ahchsterol_m
C11947,3h26dm5coa_x
C11947,3h26dm5coa_m
C11946,c2m26dcoa_x
C11946,c2m26dcoa_m
C01011,citmcoa__L_m
C04554,dhcholestanate_x
C04554,dhcholestanate_r
C04554,dhcholestanate_m
C06028,mescoa_m
C01732,mescon_m
C11945,t2m26dcoa_x
C11945,t2m26dcoa_m
C01301,thcholst_m
C04722,thcholstoic_x
C04722,thcholstoic_r
C04722,thcholstoic_m
C15610,xol27oh_r
C15610,xol27oh_m
C05445,xol7ah2al_m
C05444,xol7ah3_m
C05446,xoltetrol_m
C05545,Ndmelys_n
C03702,Nmelys_n
C05546,Ntmelys_r
C05546,Ntmelys_n
C00674,andrstandn_r
C00280,andrstndn_r
C05104;C05439,chlstol_c;chlstol_c
C05104;C05439,chlstol_r;chlstol_r
C04760,cholcoar_x
C04760,cholcoar_r
C01416,coke_r
C00762,cortsn_r
C05107,ddsmsterol_c
C05107,ddsmsterol_r
C04644,dhcholestancoa_x
C04644,dhcholestancoa_r
C05447,dhcholoylcoa_x
C05447,dhcholoylcoa_r
C01802,dsmsterol_c
C01802,dsmsterol_r
C07635,eandrstrn_r
C10858,ecgon_r
C12448,egme_r
C01189,lthstrl_c
C01189,lthstrl_r
C12449,pecgon_r
C12450,pecgoncoa_r
C13550,xol24oh_r
C15519,xol25oh_r
C03594,xol7a_r
C03845,zymstnl_c
C03845,zymstnl_r
C03564,1p2cbxl_x
C01110,5a2opntn_x
C03771,5g2oxpt_x
C00792,arg__D_x
C01794,cholcoa_x
C05460,cholcoads_x
C05467,cholcoaone_x
C05337;C17689,dgcholcoa_x;dgcholcoa_x
C05446,dhocholoylcoa_x
C00515,orn__D_x
C07343,phyt2ohcoa_x
C05448,thcholoylcoa_x
C19156,2plac__L_c
C16593,7mhp_c
C16590,7ohp_c
C16594,7mht_c
C03196,S2hglut_c
C01255,6ax6ax_c
C02378,6ax_c
C16583,Rh2cit_c
C04002;C16579,hacon_T_c;hacon_T_c
C16598,Rh3cit_c
C01845,2ppoh_c
C06551,atrz_c
C06552,hatrz_c
C03189,glyc1p_c
C06189,cdpg_c
C16597,tih2cit_c
C20581,h2acon_C_c
C20582,h3acon_C_c
C16600,tih3cit_c
C01438,ch4_c
C01438,ch4_e
C04002;C16579,hacon_C_c;hacon_C_c
C04628,cob_c
C18802,h4spt_c
C18799,mh4spt_c
C03576,com_c
C00543,dma_c
C00543,dma_e
C03920,mcom_c
C19154,ddhrb_c
C05777,f430_c
C19153,f420_0_c
C19152,f420_1_c
C01217,h4mpt_c
C05927,h2mpt_c
C06366,hspmd_c
C19155,lppg_c
C00593,2saa_c
C00267,Glc_aD_c
C00826,Largn_c
C06113,asptrna_asn_c
C19794,cdp_inost_c
C00221,glc_bD_c
C02048,lmn2_c
C02048,lmn2_e
C01630,xylb_c
C01630,xylb_e
C00192,ham_c
C05928,10fthfglu__L_c
C05928,10fthfglu__L_m
C15606,12dmpo_c
C14765,13oocdcy1829Z11Ea_c
C14762,13Shocdcy1829Z11Ea_c
C04717,13Shpocdcy1829Z11Ea_c
C01234,1acpc_h
C01234,1acpc_c
C01234,1acpc_m
C06142,1btol_c
C11004,26dmani_e
C05125,2ahethmpp_h
C05125,2ahethmpp_m
C01179;C05350,2h34hppr_c;2h34hppr_c
C15650;C15651,2h3kmtp_c;2h3kmtp_c
C15978,2mhob_m
C15976,2mhop_m
C04618,3hbutACP_h
C06001,3hib_m
C05998,3hivcoa_m
C16560,3hlido_c
C04181,3hmoa_h
C04237;C14463,3hmop_h;3hmop_h
C15974,3mhtpp_m
C08276,3mtpa_c
C05989,3opcoa_c
C05572,4ogm_c
C04079,4pcys_c
C16630,56dh5flura_c
C07649,5flura_c
C07649,5flura_e
C16634,5flurimp_c
C11821,5hiu_m
C12248,5houdic_m
C01756;C02380,6mpur_c;6mpur_c
C01756;C02380,6mpur_e;6mpur_e
C16619,6tgsnmp_c
C04646,6tins5mp_c
C16618,6txan5mp_c
C05433,acaro_h
C05433,acaro_u
C16632,aflbala_c
C16631,aflburppa_c
C01262,ans_c
C08579,anxan_u
C02248,apocytc_h
C02248,apocytc_m
C05779,apofetn_h
C05780,apotfen_h
C06197,apppa_n
C03906,B_ara1p_c
C05914,bathorhodopsin_s
C08591,bcrptxan_u
C06250,btnCCP_h
C01673,cat_c
C00436,cbmp_m
C00436,cbmp_n
C04419,cbtnCCP_h
C05306,chla_h
C05306,chla_u
C05797,chlaemr_u
C05307,chlb_u
C02139,chlda_h
C02139,chlda_u
C16541,chldb_h
C16541,chldb_u
C16612,citalald_c
C16607,citalo_c
C16610,citalppa_c
C05769,cpp1_h
C05770,cpp3_h
C08590;C15981,crpxan_u;crpxan_u
C01902,cyart_c
C02141,cyeuol_c
C08586,dcaro_h
C16609,ddmcital_c
C16647,degly_e
C15492,dhretinol_s
C16608,dmcital_c
C15883,dmpq_h
C00856,dnac_n
C00621,doldp_c
C01246,dolpglc_c
C11832,dvchlda_h
C14151,dvite_h
C16276,ecaro_h
C08592,echn_u
C11735,egly_e
C03267,f2p_h
C05378,fdp_B_h
C05378,fdp_B_c
C05378,fdp_B_m
C05378,fdp_B_f
C00996,ficytb5_c
C00999,focytb5_c
C02336,fru_B_h
C02336,fru_B_c
C00668,g6p_A_h
C00668,g6p_A_c
C00668,g6p_A_n
C05435,gcaro_h
C05435,gcaro_u
C00267,glc_A_h
C00267,glc_A_c
C00884,hcarn_c
C11829,hmppp9me_h
C00094;C11481,hso3_m;hso3_m
C00094;C11481,hso3_c;hso3_c
C00094;C11481,hso3_e;hso3_e
C00094;C11481,hso3_h;hso3_h
C07073,lido_c
C07073,lido_e
C05915,lumirhodopsin_s
C08601,lut_u
C05432,lyc_h
C16561,meglyxyl_c
C16561,meglyxyl_e
C08830,menecyart_c
C11508,mergtrol_c
C05916,metarhodopsin_s
C15776,mfecostrl_c
C04579,mi12356p_c
C02170,mm_m
C06002,mmsa_m
C05404,mnt_h
C15882,mpq_h
C08606,neoxan_u
C05431,norsp_h
C00510,ocdce9coa_c
C11830,omppp9me_h
C11436,pcdme_h
C05427,pdp_h
C05427,pdp_u
C00146;C15584,phen_c;phen_c
C18021,phphbda_h
C05797,phphtna_u
C01389,phytol_h
C02582,protds_h
C02315;C02461,protdt_h;protdt_h
C03428,psqldp_c
C18064,pyphphbda_h
C03455,retpalm_11_cis_s
C00778,rhodopsin_s
C05684,selt_m
C05684,selt_c
C05684,selt_e
C01613,stc_h
C16835,sucald_c
C12673,tega_c
C12673,tega_e
C03029,tfenfe2_h
C03179,tfenfe3_h
C07648,tgua_c
C07648,tgua_e
C02091,udg_m
C00935,udparab_c
C00935,udparab_g
C05767,upp1_h
C02469,upp3_h
C08614,vioxan_u
C06098,zaxan_u
C05430,zcaro_h
C08590;C15981,zxan_u;zxan_u
C06130,galfucgalacglcgalgluside_hs_g
C05660,5moxact_c
C05838,2coum_c
C05839,bdg2hc_c
C04373,ahandrostan_r
G10592,acmalt_c
G11113,adp_c
G11113,adp_e
G11113,adp_g
G11113,adp_f
G11113,adp_h
G11113,adp_m
G11113,adp_n
G11113,adp_r
G11113,adp_v
G11113,adp_x
G11109,adpglc_h
G11109,adpglc_c
G10621,cmp_c
G10621,cmp_e
G10621,cmp_g
G10621,cmp_h
G10621,cmp_m
G10621,cmp_l
G10621,cmp_n
G10621,cmp_p
G10620,gdp_c
G10620,gdp_e
G10620,gdp_g
G10620,gdp_h
G10620,gdp_m
G10620,gdp_n
G10620,gdp_p
G10615,gdpfuc_c
G10615,gdpfuc_g
G10614,gdpmann_c
G10614,gdpmann_g
G11160,kdo2lipid4_p
G11160,kdo2lipid4_c
G11160,kdo2lipid4_e
G11161,kdolipid4_c
G10504,lcts_c
G10504,lcts_e
G10504,lcts_g
G10504,lcts_h
G10504,lcts_l
G10504,lcts_p
G00275,malt_p
G00275,malt_c
G00275,malt_e
G00275,malt_l
G10519,malt6p_c
G01455,malthp_c
G01455,malthp_e
G00755,malthx_p
G00755,malthx_c
G00755,malthx_e
G00546,maltpt_p
G00546,maltpt_c
G00546,maltpt_e
G00459,maltttr_p
G00459,maltttr_c
G00459,maltttr_e
G01275,melib_p
G01275,melib_c
G01275,melib_e
G01275,melib_h
G10508,suc6p_c
G00293,tre_p
G00293,tre_c
G00293,tre_e
G00293,tre_v
G09795,tre6p_c
G09795,tre6p_n
G10555,uaagmda_c
G10555,uaagmda_e
G10610,uacgam_p
G10610,uacgam_c
G10610,uacgam_e
G10610,uacgam_g
G11112,uacmam_c
G10556,uagmda_c
G10619,udp_c
G10619,udp_e
G10619,udp_g
G10619,udp_h
G10619,udp_m
G10619,udp_l
G10619,udp_n
G10619,udp_r
G10608,udpg_c
G10608,udpg_e
G10608,udpg_g
G10608,udpg_h
G10608,udpg_n
G10608,udpg_p
G10608,udpg_r
G10609,udpgal_p
G10609,udpgal_c
G10609,udpgal_e
G10609,udpgal_g
G10609,udpgal_h
G10612,udpglcur_p
G10612,udpglcur_c
G10612,udpglcur_r
G10612,udpglcur_e
G10612,udpglcur_g
G10336,chtbs_p
G10336,chtbs_c
G10336,chtbs_e
G00370,sucr_p
G00370,sucr_c
G00370,sucr_e
G00370,sucr_h
G10611,udpacgal_c
G10611,udpacgal_e
G10611,udpacgal_g
G10611,udpacgal_l
G10611,udpacgal_p
G10611,udpacgal_r
G10488,1Dgali_h
G10488,1Dgali_c
G10536,chitos_c
G10622,dolp_c
G10622,dolp_r
G10529,epm_h
G10529,epm_c
G00006,m4macchitppdol_g
G00003,macchitppdol_g
G10509;G10540;G10541;G10542,mannan_c;mannan_c;mannan_c;mannan_c
G10509;G10540;G10541;G10542,mannan_r;mannan_r;mannan_r;mannan_r
G00249,raffin_p
G00249,raffin_c
G00249,raffin_e
G00249,raffin_h
G10517,lac6p_c
G00289,cellb_p
G00289,cellb_c
G00289,cellb_e
G10518,cellb6p_c
G10616,cmp_nate_c
G00278,stys_c
G11161,kdolipid4_HP_c
G10553,uaaGgla_c
G10552,uaGgla_c
G11110,udpgalur_c
G10613,udpxyl_c
G10613,udpxyl_r
G10613,udpxyl_g
G10483,chtn_c
G10483,chtn_e
G10616,cmpacna_c
G10616,cmpacna_g
G10616,cmpacna_n
G10258;G10524,digalsgalside_hs_c;digalsgalside_hs_c
G10258;G10524,digalsgalside_hs_e;digalsgalside_hs_e
G10258;G10524,digalsgalside_hs_g;digalsgalside_hs_g
G00497,digalside_hs_c
G00497,digalside_hs_l
G00497,digalside_hs_g
G02170,ha_pre1_e
G02170,ha_pre1_l
G00062,acngal14acglcgalgluside_hs_g
G00028,core3_g
G00029,core4_g
G00044,fucgalacglcgalgluside_hs_g
G00050,gal14acglcgalgluside_hs_g
G00037;G01469,galacglcgalgluside_hs_g;galacglcgalgluside_hs_g
G00357,lmn2_c
G00357,lmn2_e
G10618,dolpglc_c
G00501,mnt_h
G00278,stc_h
G11111,udparab_c
G11111,udparab_g
G00039,galfucgalacglcgalgluside_hs_g
